<?xml version="1.0" encoding="utf-8"?>
<z:anyType xmlns:i="http://www.w3.org/2001/XMLSchema-instance" xmlns=""
	i:type="AxFormPropertyCollection" xmlns:z="http://schemas.microsoft.com/2003/10/Serialization/">
	<Methods>
		<Method>
			<Name>classDeclaration</Name>
			<ReturnType />
		</Method>
		<Method>
			<Name>init</Name>
			<Visibility>Public</Visibility>
			<ReturnType>
				<TypeName></TypeName>
			</ReturnType>
		</Method>
	</Methods>
	<DataSources />
	<DataControls>
		<Control>
			<Name>SubscribeButton</Name>
			<Type>Button</Type>
			<Methods>
				<Method>
					<Name>clicked</Name>
					<Visibility>Public</Visibility>
					<ReturnType>
						<TypeName></TypeName>
					</ReturnType>
				</Method>
			</Methods>
		</Control>
		<Control>
			<Name>NewsletterAcceptanceStatusFilter</Name>
			<Type>ComboBox</Type>
			<Methods>
				<Method>
					<Name>modified</Name>
					<Visibility>Public</Visibility>
					<ReturnType>
						<Type>Enum</Type>
						<TypeName>boolean</TypeName>
					</ReturnType>
				</Method>
				<Method>
					<Name>initialize</Name>
					<Visibility>Protected</Visibility>
					<ReturnType>
						<TypeName></TypeName>
					</ReturnType>
				</Method>
			</Methods>
		</Control>
	</DataControls>
	<Members>
		<AxClassMemberVariable>
			<Type>Class</Type>
			<TypeName>QueryBuildDataSource</TypeName>
			<Name>rootDataSource</Name>
			<Attributes />
		</AxClassMemberVariable>
	</Members>
</z:anyType>