<?xml version="1.0" encoding="utf-8"?>
<z:anyType xmlns:i="http://www.w3.org/2001/XMLSchema-instance" xmlns=""
	i:type="AxFormPropertyCollection" xmlns:z="http://schemas.microsoft.com/2003/10/Serialization/">
	<Methods>
		<Method>
			<Name>classDeclaration</Name>
			<ReturnType />
		</Method>
	</Methods>
	<DataSources>
		<DataSource>
			<Name>RSOrder</Name>
			<Methods>
				<Method>
					<Name>active</Name>
					<Visibility>Public</Visibility>
					<ReturnType>
						<Type>Int32</Type>
						<TypeName></TypeName>
					</ReturnType>
				</Method>
			</Methods>
			<Fields />
		</DataSource>
		<DataSource>
			<Name>RSOrderLine</Name>
			<Methods>
				<Method>
					<Name>write</Name>
					<Visibility>Public</Visibility>
					<ReturnType>
						<TypeName></TypeName>
					</ReturnType>
				</Method>
				<Method>
					<Name>delete</Name>
					<Visibility>Public</Visibility>
					<ReturnType>
						<TypeName></TypeName>
					</ReturnType>
				</Method>
			</Methods>
			<Fields />
		</DataSource>
	</DataSources>
	<DataControls />
	<Members />
</z:anyType>