<?xml version="1.0" encoding="utf-8"?>
<Diagnostics
  GenerationTime="2023-08-04T12:32:04.4533528+00:00">
  <Items>
    <Diagnostic>
      <DiagnosticType>Compile</DiagnosticType>
      <Severity>Error</Severity>
      <Path>dynamics://Form/RSNewsletter/FormDesign/AxFormDesign/FormGroupControl/CustomFilterGroup/FormComboBoxControl/NewsletterAcceptanceStatusFilter/Method/modified</Path>
      <ElementType>Form Control Method</ElementType>
      <Moniker>ParameterMismatch</Moniker>
      <Line>65</Line>
      <Column>17</Column>
      <EndLine>65</EndLine>
      <EndColumn>46</EndColumn>
      <Message>Type mismatch in 'Global.info' argument 2. The expected type is 'URL', but the actual type is 'Extensible Enumeration(RSNewsletterAcceptanceStatusAll)'.</Message>
    </Diagnostic>
  </Items>
  <Aliases />
</Diagnostics>