<?xml version="1.0" encoding="utf-8"?>
<Diagnostics
  GenerationTime="2023-06-16T08:45:35.7327841+00:00">
  <Items>
    <Diagnostic>
      <DiagnosticType>TaskListItem</DiagnosticType>
      <Severity>Informational</Severity>
      <Path>dynamics://Table/RSOrderLine/Method/setFoodItemValues</Path>
      <ElementType>Table Method</ElementType>
      <Moniker>TaskListItem</Moniker>
      <Line>30</Line>
      <Column>35</Column>
      <EndLine>30</EndLine>
      <EndColumn>68</EndColumn>
      <Message>TODO discount to be implemented</Message>
    </Diagnostic>
    <Diagnostic>
      <DiagnosticType>TaskListItem</DiagnosticType>
      <Severity>Informational</Severity>
      <Path>dynamics://Table/RSOrderLine/Method/insert</Path>
      <ElementType>Table Method</ElementType>
      <Moniker>TaskListItem</Moniker>
      <Line>54</Line>
      <Column>35</Column>
      <EndLine>54</EndLine>
      <EndColumn>68</EndColumn>
      <Message>TODO discount to be implemented</Message>
    </Diagnostic>
    <Diagnostic>
      <DiagnosticType>Generation</DiagnosticType>
      <Severity>Informational</Severity>
      <Path>dynamics://View/RSFoodItemEntity</Path>
      <ElementType>View</ElementType>
      <Moniker>IsRuntimeServicesMode</Moniker>
      <Line>0</Line>
      <Column>0</Column>
      <Message>Is Runtime Services mode: False</Message>
    </Diagnostic>
    <Diagnostic>
      <DiagnosticType>TaskListItem</DiagnosticType>
      <Severity>Informational</Severity>
      <Path>dynamics://Table/RSOrderLine/Method/calculateTotal</Path>
      <ElementType>Table Method</ElementType>
      <Moniker>TaskListItem</Moniker>
      <Line>42</Line>
      <Column>35</Column>
      <EndLine>42</EndLine>
      <EndColumn>68</EndColumn>
      <Message>TODO discount to be implemented</Message>
    </Diagnostic>
    <Diagnostic>
      <DiagnosticType>ExternalReference</DiagnosticType>
      <Severity>Warning</Severity>
      <Path>dynamics://Reference/Microsoft.Dynamics___vices.PricingEngine</Path>
      <Moniker>AssemblyFileNotFound</Moniker>
      <Message>Assembly 'Microsoft.Dynamics.Commerce.Runtime.Entities.AttributeBasedPricing, Version=7.0.0.0, Culture=neutral, PublicKeyToken=31bf3856ad364e35' failed to load because it was not found.</Message>
    </Diagnostic>
    <Diagnostic>
      <DiagnosticType>ExternalReference</DiagnosticType>
      <Severity>Warning</Severity>
      <Path>dynamics://Reference/Microsoft.Commerce.Flighting.Common</Path>
      <Moniker>AssemblyFileNotFound</Moniker>
      <Message>Assembly 'Microsoft.Xbox.Experimentation.Contracts, Version=1.0.0.0, Culture=neutral, PublicKeyToken=d91bba2b903dc20f' failed to load because it was not found.</Message>
    </Diagnostic>
    <Diagnostic>
      <DiagnosticType>ExternalReference</DiagnosticType>
      <Severity>Warning</Severity>
      <Path>dynamics://Reference/Azure.Core</Path>
      <Moniker>AssemblyFileNotFound</Moniker>
      <Message>Assembly 'System.Memory.Data, Version=1.0.2.0, Culture=neutral, PublicKeyToken=cc7b13ffcd2ddd51' failed to load because it was not found.</Message>
    </Diagnostic>
  </Items>
  <Aliases />
</Diagnostics>