<?xml version="1.0" encoding="utf-8"?>
<Diagnostics
  GenerationTime="2023-06-16T08:45:45.7752497+00:00">
  <Items>
    <Diagnostic>
      <DiagnosticType>VisualStudioIntegration</DiagnosticType>
      <Severity>Informational</Severity>
      <Path>C:\AOSService\PackagesLocalDirectory\Bin\labelc.exe</Path>
      <Moniker>C:\AOSService\PackagesLocalDirectory\Bin\labelc.exe -metadata="C:\AOSService\PackagesLocalDirectory" -output="C:\AOSService\PackagesLocalDirectory\Restaurant\Resources" -modelmodule="Restaurant" </Moniker>
      <Message>C:\AOSService\PackagesLocalDirectory\Bin\labelc.exe -metadata="C:\AOSService\PackagesLocalDirectory" -output="C:\AOSService\PackagesLocalDirectory\Restaurant\Resources" -modelmodule="Restaurant" </Message>
    </Diagnostic>
    <Diagnostic>
      <DiagnosticType>Unspecified</DiagnosticType>
      <Severity>Informational</Severity>
      <Path>labelc.exe</Path>
      <Moniker>Starting label compilation...</Moniker>
      <Message>Starting label compilation...</Message>
    </Diagnostic>
    <Diagnostic>
      <DiagnosticType>Unspecified</DiagnosticType>
      <Severity>Informational</Severity>
      <Path>labelc.exe</Path>
      <Moniker>- Module name    </Moniker>
      <Message>Restaurant</Message>
    </Diagnostic>
    <Diagnostic>
      <DiagnosticType>Unspecified</DiagnosticType>
      <Severity>Informational</Severity>
      <Path>labelc.exe</Path>
      <Moniker>- Metadata path  </Moniker>
      <Message>C:\AOSService\PackagesLocalDirectory\</Message>
    </Diagnostic>
    <Diagnostic>
      <DiagnosticType>Unspecified</DiagnosticType>
      <Severity>Informational</Severity>
      <Path>labelc.exe</Path>
      <Moniker>- Output path    </Moniker>
      <Message>C:\AOSService\PackagesLocalDirectory\Restaurant\Resources\</Message>
    </Diagnostic>
    <Diagnostic>
      <DiagnosticType>Unspecified</DiagnosticType>
      <Severity>Informational</Severity>
      <Path>labelc.exe</Path>
      <Moniker>- Maximum DoP    </Moniker>
      <Message>0 (Logical Processors: 8)</Message>
    </Diagnostic>
    <Diagnostic>
      <DiagnosticType>Unspecified</DiagnosticType>
      <Severity>Informational</Severity>
      <Path>labelc.exe</Path>
      <Moniker>Compiling Primary Resource file for RSLabels</Moniker>
      <Message>Compiling Primary Resource file for RSLabels</Message>
    </Diagnostic>
    <Diagnostic>
      <DiagnosticType>Unspecified</DiagnosticType>
      <Severity>Informational</Severity>
      <Path>labelc.exe</Path>
      <Moniker>Generating Primary resource assembly for RSLabels</Moniker>
      <Message>Generating Primary resource assembly for RSLabels</Message>
    </Diagnostic>
    <Diagnostic>
      <DiagnosticType>Unspecified</DiagnosticType>
      <Severity>Informational</Severity>
      <Path>labelc.exe</Path>
      <Moniker>Compiling label file RSLabels for language en-US</Moniker>
      <Message>Compiling label file RSLabels for language en-US</Message>
    </Diagnostic>
    <Diagnostic>
      <DiagnosticType>Unspecified</DiagnosticType>
      <Severity>Informational</Severity>
      <Path>labelc.exe</Path>
      <Moniker>Generating satellite resource assembly for label file RSLabels, language en-US</Moniker>
      <Message>Generating satellite resource assembly for label file RSLabels, language en-US</Message>
    </Diagnostic>
    <Diagnostic>
      <DiagnosticType>Unspecified</DiagnosticType>
      <Severity>Informational</Severity>
      <Path>labelc.exe</Path>
      <Moniker>Done compiling 1 label files!</Moniker>
      <Message>Done compiling 1 label files!</Message>
    </Diagnostic>
    <Diagnostic>
      <DiagnosticType>Unspecified</DiagnosticType>
      <Severity>Informational</Severity>
      <Path>labelc.exe</Path>
      <Moniker>Completed label compilation in 1 seconds with exit code 0.</Moniker>
      <Message>Completed label compilation in 1 seconds with exit code 0.</Message>
    </Diagnostic>
  </Items>
  <Aliases />
</Diagnostics>