<?xml version="1.0" encoding="utf-8"?>
<z:anyType xmlns:i="http://www.w3.org/2001/XMLSchema-instance" xmlns=""
	i:type="AxCompilerMetadata" xmlns:z="http://schemas.microsoft.com/2003/10/Serialization/">
	<Extends>RunBase</Extends>
	<IsPublic>true</IsPublic>
	<Members>
		<AxClassMemberVariable>
			<Tags></Tags>
			<Type>ExtendedDataType</Type>
			<TypeName>Email</TypeName>
			<Name>email</Name>
			<Attributes />
		</AxClassMemberVariable>
		<AxClassMemberVariable>
			<Tags></Tags>
			<Type>Class</Type>
			<TypeName>DialogField</TypeName>
			<Name>emailField</Name>
			<Attributes />
		</AxClassMemberVariable>
	</Members>
	<Methods>
		<Method>
			<Name>dialog</Name>
			<Visibility>Public</Visibility>
			<ReturnType>
				<Tags></Tags>
				<Type>Class</Type>
				<TypeName>Object</TypeName>
			</ReturnType>
		</Method>
		<Method>
			<Name>getFromDialog</Name>
			<Visibility>Public</Visibility>
			<ReturnType>
				<Tags></Tags>
				<Type>Enum</Type>
				<TypeName>boolean</TypeName>
			</ReturnType>
		</Method>
		<Method>
			<Name>run</Name>
			<Visibility>Public</Visibility>
			<ReturnType>
				<Tags></Tags>
				<TypeName></TypeName>
			</ReturnType>
		</Method>
		<Method>
			<Name>construct</Name>
			<IsStatic>true</IsStatic>
			<Visibility>Public</Visibility>
			<ReturnType>
				<Tags></Tags>
				<Type>Class</Type>
				<TypeName>RSInviteUserToNewsletter</TypeName>
			</ReturnType>
		</Method>
		<Method>
			<Name>description</Name>
			<IsStatic>true</IsStatic>
			<Visibility>Public</Visibility>
			<ReturnType>
				<Tags></Tags>
				<Type>ExtendedDataType</Type>
				<TypeName>ClassDescription</TypeName>
			</ReturnType>
		</Method>
		<Method>
			<Name>main</Name>
			<IsStatic>true</IsStatic>
			<Visibility>Public</Visibility>
			<Parameters>
				<AxMethodParameter>
					<Tags></Tags>
					<Type>Class</Type>
					<TypeName>Args</TypeName>
					<Name>_args</Name>
				</AxMethodParameter>
			</Parameters>
			<ReturnType>
				<Tags></Tags>
				<TypeName></TypeName>
			</ReturnType>
		</Method>
		<Method>
			<Name>canRunInNewSession</Name>
			<Visibility>Protected</Visibility>
			<ReturnType>
				<Tags></Tags>
				<Type>Enum</Type>
				<TypeName>boolean</TypeName>
			</ReturnType>
		</Method>
	</Methods>
</z:anyType>