<?xml version="1.0" encoding="utf-8"?>
<z:anyType xmlns:i="http://www.w3.org/2001/XMLSchema-instance" xmlns=""
	i:type="AxCompilerMetadata" xmlns:z="http://schemas.microsoft.com/2003/10/Serialization/">
	<IsPublic>true</IsPublic>
	<Methods>
		<Method>
			<Name>acceptInvitation</Name>
			<Visibility>Public</Visibility>
			<Parameters>
				<AxMethodParameter>
					<Tags></Tags>
					<Type>ExtendedDataType</Type>
					<TypeName>Email</TypeName>
					<Name>email</Name>
				</AxMethodParameter>
			</Parameters>
			<ReturnType>
				<Tags></Tags>
				<Type>ClrType</Type>
				<TypeName>Newtonsoft.Json.Linq.JObject</TypeName>
			</ReturnType>
		</Method>
		<Method>
			<Name>declineInvitation</Name>
			<Visibility>Public</Visibility>
			<Parameters>
				<AxMethodParameter>
					<Tags></Tags>
					<Type>ExtendedDataType</Type>
					<TypeName>Email</TypeName>
					<Name>email</Name>
				</AxMethodParameter>
			</Parameters>
			<ReturnType>
				<Tags></Tags>
				<Type>ClrType</Type>
				<TypeName>Newtonsoft.Json.Linq.JObject</TypeName>
			</ReturnType>
		</Method>
	</Methods>
</z:anyType>