<?xml version="1.0" encoding="utf-8"?>
<z:anyType xmlns:i="http://www.w3.org/2001/XMLSchema-instance" xmlns=""
	i:type="AxCompilerMetadata" xmlns:z="http://schemas.microsoft.com/2003/10/Serialization/">
	<Extends>BusinessEventsContract</Extends>
	<IsPublic>true</IsPublic>
	<Attributes>
		<AxAttribute>
			<Name>DataContract</Name>
			<Parameters />
		</AxAttribute>
	</Attributes>
	<Members>
		<AxClassMemberVariable>
			<Type>ExtendedDataType</Type>
			<TypeName>Email</TypeName>
			<Name>email</Name>
			<Attributes />
			<Visibility>Private</Visibility>
		</AxClassMemberVariable>
	</Members>
	<Methods>
		<Method>
			<Name>initialize</Name>
			<Visibility>Protected</Visibility>
			<Parameters>
				<AxMethodParameter>
					<Type>ExtendedDataType</Type>
					<TypeName>Email</TypeName>
					<Name>_email</Name>
				</AxMethodParameter>
			</Parameters>
			<ReturnType>
				<TypeName></TypeName>
			</ReturnType>
		</Method>
		<Method>
			<Name>newFromEmail</Name>
			<IsStatic>true</IsStatic>
			<Visibility>Public</Visibility>
			<Parameters>
				<AxMethodParameter>
					<Type>ExtendedDataType</Type>
					<TypeName>Email</TypeName>
					<Name>email</Name>
				</AxMethodParameter>
			</Parameters>
			<ReturnType>
				<Type>Class</Type>
				<TypeName>RSNewsletterUserInvitedBusinessEventContract</TypeName>
			</ReturnType>
			<Variables>
				<AxMethodVariable>
					<Type>Class</Type>
					<TypeName>RSNewsletterUserInvitedBusinessEventContract</TypeName>
					<Name>contract</Name>
				</AxMethodVariable>
			</Variables>
		</Method>
		<Method>
			<Name>parmEmail</Name>
			<Visibility>Public</Visibility>
			<Attributes>
				<AxAttribute>
					<Name>DataMember</Name>
					<Parameters>
						<AxAttributeParameter>
							<TypeValue>"Email"</TypeValue>
							<AdditionalData />
						</AxAttributeParameter>
					</Parameters>
				</AxAttribute>
				<AxAttribute>
					<Name>BusinessEventsDataMember</Name>
					<Parameters>
						<AxAttributeParameter>
							<TypeValue>"Email"</TypeValue>
							<AdditionalData />
						</AxAttributeParameter>
					</Parameters>
				</AxAttribute>
			</Attributes>
			<Parameters>
				<AxMethodParameter>
					<Type>ExtendedDataType</Type>
					<TypeName>Email</TypeName>
					<DefaultValue>email</DefaultValue>
					<Name>_email</Name>
				</AxMethodParameter>
			</Parameters>
			<ReturnType>
				<Type>ExtendedDataType</Type>
				<TypeName>Email</TypeName>
			</ReturnType>
		</Method>
	</Methods>
</z:anyType>