<?xml version="1.0" encoding="utf-8"?>
<z:anyType xmlns:i="http://www.w3.org/2001/XMLSchema-instance" xmlns=""
	i:type="AxCompilerMetadata" xmlns:z="http://schemas.microsoft.com/2003/10/Serialization/">
	<Extends>BusinessEventsContract</Extends>
	<IsPublic>true</IsPublic>
	<Attributes>
		<AxAttribute>
			<Name>DataContract</Name>
			<Parameters />
		</AxAttribute>
	</Attributes>
	<Members>
		<AxClassMemberVariable>
			<Type>ExtendedDataType</Type>
			<TypeName>RSOrderId</TypeName>
			<Name>orderId</Name>
			<Attributes />
			<Visibility>Private</Visibility>
		</AxClassMemberVariable>
		<AxClassMemberVariable>
			<Type>ExtendedDataType</Type>
			<TypeName>SalesId</TypeName>
			<Name>salesId</Name>
			<Attributes />
			<Visibility>Private</Visibility>
		</AxClassMemberVariable>
		<AxClassMemberVariable>
			<Type>ExtendedDataType</Type>
			<TypeName>AccountNum</TypeName>
			<Name>customer</Name>
			<Attributes />
			<Visibility>Private</Visibility>
		</AxClassMemberVariable>
		<AxClassMemberVariable>
			<Type>ExtendedDataType</Type>
			<TypeName>RSOrderCreatedDateTime</TypeName>
			<Name>createdTime</Name>
			<Attributes />
			<Visibility>Private</Visibility>
		</AxClassMemberVariable>
		<AxClassMemberVariable>
			<Type>Enum</Type>
			<TypeName>RSNoYes</TypeName>
			<Name>isCompleted</Name>
			<Attributes />
			<Visibility>Private</Visibility>
		</AxClassMemberVariable>
		<AxClassMemberVariable>
			<Type>ExtendedDataType</Type>
			<TypeName>RSOrderCompletedDateTime</TypeName>
			<Name>completedTime</Name>
			<Attributes />
			<Visibility>Private</Visibility>
		</AxClassMemberVariable>
		<AxClassMemberVariable>
			<Type>ExtendedDataType</Type>
			<TypeName>LegalEntityDataAreaId</TypeName>
			<Name>dataAreaId</Name>
			<Attributes />
			<Visibility>Private</Visibility>
		</AxClassMemberVariable>
	</Members>
	<Methods>
		<Method>
			<Name>initialize</Name>
			<Visibility>Protected</Visibility>
			<Parameters>
				<AxMethodParameter>
					<Type>Record</Type>
					<TypeName>RSOrder</TypeName>
					<Name>rsOrder</Name>
				</AxMethodParameter>
			</Parameters>
			<ReturnType>
				<TypeName></TypeName>
			</ReturnType>
		</Method>
		<Method>
			<Name>newFromOrder</Name>
			<IsStatic>true</IsStatic>
			<Visibility>Public</Visibility>
			<Parameters>
				<AxMethodParameter>
					<Type>Record</Type>
					<TypeName>RSOrder</TypeName>
					<Name>rsOrder</Name>
				</AxMethodParameter>
			</Parameters>
			<ReturnType>
				<Type>Class</Type>
				<TypeName>RSOrderProcessedBusinessEventContract</TypeName>
			</ReturnType>
			<Variables>
				<AxMethodVariable>
					<Type>Class</Type>
					<TypeName>RSOrderProcessedBusinessEventContract</TypeName>
					<Name>contract</Name>
				</AxMethodVariable>
			</Variables>
		</Method>
		<Method>
			<Name>parmOrderId</Name>
			<Visibility>Public</Visibility>
			<Attributes>
				<AxAttribute>
					<Name>DataMember</Name>
					<Parameters>
						<AxAttributeParameter>
							<TypeValue>"OrderId"</TypeValue>
							<AdditionalData />
						</AxAttributeParameter>
					</Parameters>
				</AxAttribute>
				<AxAttribute>
					<Name>BusinessEventsDataMember</Name>
					<Parameters>
						<AxAttributeParameter>
							<TypeValue>"OrderId"</TypeValue>
							<AdditionalData />
						</AxAttributeParameter>
					</Parameters>
				</AxAttribute>
			</Attributes>
			<Parameters>
				<AxMethodParameter>
					<Type>ExtendedDataType</Type>
					<TypeName>RSOrderId</TypeName>
					<DefaultValue>orderId</DefaultValue>
					<Name>_orderId</Name>
				</AxMethodParameter>
			</Parameters>
			<ReturnType>
				<Type>ExtendedDataType</Type>
				<TypeName>RSOrderId</TypeName>
			</ReturnType>
		</Method>
		<Method>
			<Name>parmSalesId</Name>
			<Visibility>Public</Visibility>
			<Attributes>
				<AxAttribute>
					<Name>DataMember</Name>
					<Parameters>
						<AxAttributeParameter>
							<TypeValue>"SalesId"</TypeValue>
							<AdditionalData />
						</AxAttributeParameter>
					</Parameters>
				</AxAttribute>
				<AxAttribute>
					<Name>BusinessEventsDataMember</Name>
					<Parameters>
						<AxAttributeParameter>
							<TypeValue>"SalesId"</TypeValue>
							<AdditionalData />
						</AxAttributeParameter>
					</Parameters>
				</AxAttribute>
			</Attributes>
			<Parameters>
				<AxMethodParameter>
					<Type>ExtendedDataType</Type>
					<TypeName>SalesId</TypeName>
					<DefaultValue>salesId</DefaultValue>
					<Name>_salesId</Name>
				</AxMethodParameter>
			</Parameters>
			<ReturnType>
				<Type>ExtendedDataType</Type>
				<TypeName>SalesId</TypeName>
			</ReturnType>
		</Method>
		<Method>
			<Name>parmCustomer</Name>
			<Visibility>Public</Visibility>
			<Attributes>
				<AxAttribute>
					<Name>DataMember</Name>
					<Parameters>
						<AxAttributeParameter>
							<TypeValue>"Customer"</TypeValue>
							<AdditionalData />
						</AxAttributeParameter>
					</Parameters>
				</AxAttribute>
				<AxAttribute>
					<Name>BusinessEventsDataMember</Name>
					<Parameters>
						<AxAttributeParameter>
							<TypeValue>"Customer"</TypeValue>
							<AdditionalData />
						</AxAttributeParameter>
					</Parameters>
				</AxAttribute>
			</Attributes>
			<Parameters>
				<AxMethodParameter>
					<Type>ExtendedDataType</Type>
					<TypeName>CustAccount</TypeName>
					<DefaultValue>customer</DefaultValue>
					<Name>_customer</Name>
				</AxMethodParameter>
			</Parameters>
			<ReturnType>
				<Type>ExtendedDataType</Type>
				<TypeName>CustAccount</TypeName>
			</ReturnType>
		</Method>
		<Method>
			<Name>parmCreatedTime</Name>
			<Visibility>Public</Visibility>
			<Attributes>
				<AxAttribute>
					<Name>DataMember</Name>
					<Parameters>
						<AxAttributeParameter>
							<TypeValue>"CreatedTime"</TypeValue>
							<AdditionalData />
						</AxAttributeParameter>
					</Parameters>
				</AxAttribute>
				<AxAttribute>
					<Name>BusinessEventsDataMember</Name>
					<Parameters>
						<AxAttributeParameter>
							<TypeValue>"CreatedTime"</TypeValue>
							<AdditionalData />
						</AxAttributeParameter>
					</Parameters>
				</AxAttribute>
			</Attributes>
			<Parameters>
				<AxMethodParameter>
					<Type>ExtendedDataType</Type>
					<TypeName>RSOrderCreatedDateTime</TypeName>
					<DefaultValue>createdTime</DefaultValue>
					<Name>_createdTime</Name>
				</AxMethodParameter>
			</Parameters>
			<ReturnType>
				<Type>ExtendedDataType</Type>
				<TypeName>RSOrderCreatedDateTime</TypeName>
			</ReturnType>
		</Method>
		<Method>
			<Name>parmIsCompleted</Name>
			<Visibility>Public</Visibility>
			<Attributes>
				<AxAttribute>
					<Name>DataMember</Name>
					<Parameters>
						<AxAttributeParameter>
							<TypeValue>"IsCompleted"</TypeValue>
							<AdditionalData />
						</AxAttributeParameter>
					</Parameters>
				</AxAttribute>
				<AxAttribute>
					<Name>BusinessEventsDataMember</Name>
					<Parameters>
						<AxAttributeParameter>
							<TypeValue>"IsCompleted"</TypeValue>
							<AdditionalData />
						</AxAttributeParameter>
					</Parameters>
				</AxAttribute>
			</Attributes>
			<Parameters>
				<AxMethodParameter>
					<Type>Enum</Type>
					<TypeName>RSNoYes</TypeName>
					<DefaultValue>isCompleted</DefaultValue>
					<Name>_isCompleted</Name>
				</AxMethodParameter>
			</Parameters>
			<ReturnType>
				<Type>Enum</Type>
				<TypeName>RSNoYes</TypeName>
			</ReturnType>
		</Method>
		<Method>
			<Name>parmCompletedTime</Name>
			<Visibility>Public</Visibility>
			<Attributes>
				<AxAttribute>
					<Name>DataMember</Name>
					<Parameters>
						<AxAttributeParameter>
							<TypeValue>"CompletedTime"</TypeValue>
							<AdditionalData />
						</AxAttributeParameter>
					</Parameters>
				</AxAttribute>
				<AxAttribute>
					<Name>BusinessEventsDataMember</Name>
					<Parameters>
						<AxAttributeParameter>
							<TypeValue>"CompletedTime"</TypeValue>
							<AdditionalData />
						</AxAttributeParameter>
					</Parameters>
				</AxAttribute>
			</Attributes>
			<Parameters>
				<AxMethodParameter>
					<Type>ExtendedDataType</Type>
					<TypeName>RSOrderCompletedDateTime</TypeName>
					<DefaultValue>completedTime</DefaultValue>
					<Name>_completedTime</Name>
				</AxMethodParameter>
			</Parameters>
			<ReturnType>
				<Type>ExtendedDataType</Type>
				<TypeName>RSOrderCompletedDateTime</TypeName>
			</ReturnType>
		</Method>
		<Method>
			<Name>parmDataAreaId</Name>
			<Visibility>Public</Visibility>
			<Attributes>
				<AxAttribute>
					<Name>DataMember</Name>
					<Parameters>
						<AxAttributeParameter>
							<TypeValue>"DataAreaId"</TypeValue>
							<AdditionalData />
						</AxAttributeParameter>
					</Parameters>
				</AxAttribute>
				<AxAttribute>
					<Name>BusinessEventsDataMember</Name>
					<Parameters>
						<AxAttributeParameter>
							<TypeValue>"DataAreaId"</TypeValue>
							<AdditionalData />
						</AxAttributeParameter>
					</Parameters>
				</AxAttribute>
			</Attributes>
			<Parameters>
				<AxMethodParameter>
					<Type>ExtendedDataType</Type>
					<TypeName>DataAreaId</TypeName>
					<DefaultValue>dataAreaId</DefaultValue>
					<Name>_dataAreaId</Name>
				</AxMethodParameter>
			</Parameters>
			<ReturnType>
				<Type>ExtendedDataType</Type>
				<TypeName>DataAreaId</TypeName>
			</ReturnType>
		</Method>
	</Methods>
</z:anyType>