<?xml version="1.0" encoding="utf-8"?>
<z:anyType xmlns:i="http://www.w3.org/2001/XMLSchema-instance" xmlns=""
	i:type="AxCompilerMetadata" xmlns:z="http://schemas.microsoft.com/2003/10/Serialization/">
	<Extends>SRSReportDataProviderBase</Extends>
	<IsPublic>true</IsPublic>
	<Attributes>
		<AxAttribute>
			<Name>SRSReportParameterAttribute</Name>
			<Parameters>
				<AxAttributeParameter>
					<Type>Intrinsic</Type>
					<TypeValue>classStr</TypeValue>
					<AdditionalData>
						<AxAttributeParameter>
							<TypeValue>RSOrderReportContract</TypeValue>
							<AdditionalData />
						</AxAttributeParameter>
						<AxAttributeParameter>
							<AdditionalData />
						</AxAttributeParameter>
						<AxAttributeParameter>
							<AdditionalData />
						</AxAttributeParameter>
					</AdditionalData>
				</AxAttributeParameter>
			</Parameters>
		</AxAttribute>
	</Attributes>
	<Members>
		<AxClassMemberVariable>
			<Tags></Tags>
			<Type>Record</Type>
			<TypeName>RSOrderReportHeader</TypeName>
			<Name>rsOrderReportHeader</Name>
			<Attributes />
			<Visibility>Private</Visibility>
		</AxClassMemberVariable>
		<AxClassMemberVariable>
			<Tags></Tags>
			<Type>Record</Type>
			<TypeName>RSOrderReportLine</TypeName>
			<Name>rsOrderReportLine</Name>
			<Attributes />
			<Visibility>Private</Visibility>
		</AxClassMemberVariable>
	</Members>
	<Methods>
		<Method>
			<Name>getRsOrderReportHeader</Name>
			<Visibility>Public</Visibility>
			<Attributes>
				<AxAttribute>
					<Name>SrsReportDataSet</Name>
					<Parameters>
						<AxAttributeParameter>
							<Type>Intrinsic</Type>
							<TypeValue>tablestr</TypeValue>
							<AdditionalData>
								<AxAttributeParameter>
									<TypeValue>RSOrderReportHeader</TypeValue>
									<AdditionalData />
								</AxAttributeParameter>
								<AxAttributeParameter>
									<AdditionalData />
								</AxAttributeParameter>
								<AxAttributeParameter>
									<AdditionalData />
								</AxAttributeParameter>
							</AdditionalData>
						</AxAttributeParameter>
					</Parameters>
				</AxAttribute>
			</Attributes>
			<ReturnType>
				<Tags></Tags>
				<Type>Record</Type>
				<TypeName>RSOrderReportHeader</TypeName>
			</ReturnType>
		</Method>
		<Method>
			<Name>getRsOrderReportLine</Name>
			<Visibility>Public</Visibility>
			<Attributes>
				<AxAttribute>
					<Name>SrsReportDataSet</Name>
					<Parameters>
						<AxAttributeParameter>
							<Type>Intrinsic</Type>
							<TypeValue>tablestr</TypeValue>
							<AdditionalData>
								<AxAttributeParameter>
									<TypeValue>RSOrderReportLine</TypeValue>
									<AdditionalData />
								</AxAttributeParameter>
								<AxAttributeParameter>
									<AdditionalData />
								</AxAttributeParameter>
								<AxAttributeParameter>
									<AdditionalData />
								</AxAttributeParameter>
							</AdditionalData>
						</AxAttributeParameter>
					</Parameters>
				</AxAttribute>
			</Attributes>
			<ReturnType>
				<Tags></Tags>
				<Type>Record</Type>
				<TypeName>RSOrderReportLine</TypeName>
			</ReturnType>
		</Method>
		<Method>
			<Name>processReport</Name>
			<Visibility>Public</Visibility>
			<ReturnType>
				<Tags></Tags>
				<TypeName></TypeName>
			</ReturnType>
		</Method>
		<Method>
			<Name>populateReportHeader</Name>
			<Parameters>
				<AxMethodParameter>
					<Tags></Tags>
					<Type>Record</Type>
					<TypeName>RSOrder</TypeName>
					<Name>rsOrder</Name>
				</AxMethodParameter>
			</Parameters>
			<ReturnType>
				<Tags></Tags>
				<TypeName></TypeName>
			</ReturnType>
		</Method>
		<Method>
			<Name>populateReportLine</Name>
			<Parameters>
				<AxMethodParameter>
					<Tags></Tags>
					<Type>Record</Type>
					<TypeName>RSOrder</TypeName>
					<Name>rsOrder</Name>
				</AxMethodParameter>
			</Parameters>
			<ReturnType>
				<Tags></Tags>
				<TypeName></TypeName>
			</ReturnType>
		</Method>
	</Methods>
</z:anyType>