<?xml version="1.0" encoding="utf-8"?>
<z:anyType xmlns:i="http://www.w3.org/2001/XMLSchema-instance" xmlns=""
	i:type="AxCompilerMetadata" xmlns:z="http://schemas.microsoft.com/2003/10/Serialization/">
	<Extends>BusinessEventsBase</Extends>
	<IsPublic>true</IsPublic>
	<Attributes>
		<AxAttribute>
			<Name>BusinessEvents</Name>
			<Parameters>
				<AxAttributeParameter>
					<Type>Intrinsic</Type>
					<TypeValue>classStr</TypeValue>
					<AdditionalData>
						<AxAttributeParameter>
							<TypeValue>RSOrderProcessedBusinessEventContract</TypeValue>
							<AdditionalData />
						</AxAttributeParameter>
						<AxAttributeParameter>
							<AdditionalData />
						</AxAttributeParameter>
						<AxAttributeParameter>
							<AdditionalData />
						</AxAttributeParameter>
					</AdditionalData>
				</AxAttributeParameter>
				<AxAttributeParameter>
					<TypeValue>"Restaurant order processed"</TypeValue>
					<AdditionalData />
				</AxAttributeParameter>
				<AxAttributeParameter>
					<TypeValue>"This business event is triggered when a restaurant order is processed"</TypeValue>
					<AdditionalData />
				</AxAttributeParameter>
				<AxAttributeParameter>
					<Type>Enum</Type>
					<TypeValue>ModuleAxapta</TypeValue>
					<AdditionalData>
						<AxAttributeParameter>
							<TypeValue>AccountsReceivable</TypeValue>
							<AdditionalData />
						</AxAttributeParameter>
					</AdditionalData>
				</AxAttributeParameter>
			</Parameters>
		</AxAttribute>
	</Attributes>
	<Members>
		<AxClassMemberVariable>
			<Type>Record</Type>
			<TypeName>RSOrder</TypeName>
			<Name>rsOrder</Name>
			<Attributes />
			<Visibility>Private</Visibility>
		</AxClassMemberVariable>
	</Members>
	<Methods>
		<Method>
			<Name>newFromOrder</Name>
			<IsStatic>true</IsStatic>
			<Visibility>Public</Visibility>
			<Parameters>
				<AxMethodParameter>
					<Type>Record</Type>
					<TypeName>RSOrder</TypeName>
					<Name>_rsOrder</Name>
				</AxMethodParameter>
			</Parameters>
			<ReturnType>
				<Type>Class</Type>
				<TypeName>RSOrderProcessedBusinessEvent</TypeName>
			</ReturnType>
			<Variables>
				<AxMethodVariable>
					<Type>Class</Type>
					<TypeName>RSOrderProcessedBusinessEvent</TypeName>
					<Name>businessEvent</Name>
				</AxMethodVariable>
			</Variables>
		</Method>
		<Method>
			<Name>new</Name>
			<ReturnType>
				<TypeName></TypeName>
			</ReturnType>
		</Method>
		<Method>
			<Name>parmOrder</Name>
			<Parameters>
				<AxMethodParameter>
					<Type>Record</Type>
					<TypeName>RSOrder</TypeName>
					<DefaultValue>rsOrder</DefaultValue>
					<Name>_rsOrder</Name>
				</AxMethodParameter>
			</Parameters>
			<ReturnType>
				<Type>Record</Type>
				<TypeName>RSOrder</TypeName>
			</ReturnType>
		</Method>
		<Method>
			<Name>buildContract</Name>
			<Visibility>Public</Visibility>
			<Attributes>
				<AxAttribute>
					<Name>Wrappable</Name>
					<Parameters>
						<AxAttributeParameter>
							<Type>Boolean</Type>
							<TypeValue>False</TypeValue>
							<AdditionalData />
						</AxAttributeParameter>
					</Parameters>
				</AxAttribute>
				<AxAttribute>
					<Name>Replaceable</Name>
					<Parameters>
						<AxAttributeParameter>
							<Type>Boolean</Type>
							<TypeValue>False</TypeValue>
							<AdditionalData />
						</AxAttributeParameter>
					</Parameters>
				</AxAttribute>
			</Attributes>
			<ReturnType>
				<Type>Class</Type>
				<TypeName>BusinessEventsContract</TypeName>
			</ReturnType>
		</Method>
	</Methods>
</z:anyType>