<?xml version="1.0" encoding="utf-8"?>
<z:anyType xmlns:i="http://www.w3.org/2001/XMLSchema-instance" xmlns=""
	i:type="AxCompilerMetadata" xmlns:z="http://schemas.microsoft.com/2003/10/Serialization/">
	<IsPublic>true</IsPublic>
	<Attributes>
		<AxAttribute>
			<Name>DataContract</Name>
			<Parameters />
		</AxAttribute>
	</Attributes>
	<Members>
		<AxClassMemberVariable>
			<Type>ExtendedDataType</Type>
			<TypeName>LineNumber_IT</TypeName>
			<Name>lineNumber</Name>
			<Attributes />
			<Visibility>Private</Visibility>
		</AxClassMemberVariable>
		<AxClassMemberVariable>
			<Type>ExtendedDataType</Type>
			<TypeName>RSFoodItemName</TypeName>
			<Name>foodItemName</Name>
			<Attributes />
			<Visibility>Private</Visibility>
		</AxClassMemberVariable>
		<AxClassMemberVariable>
			<Type>ExtendedDataType</Type>
			<TypeName>Price</TypeName>
			<Name>pricePerItem</Name>
			<Attributes />
			<Visibility>Private</Visibility>
		</AxClassMemberVariable>
		<AxClassMemberVariable>
			<Type>ExtendedDataType</Type>
			<TypeName>RetailDiscountAmountValue</TypeName>
			<Name>discountPercent</Name>
			<Attributes />
			<Visibility>Private</Visibility>
		</AxClassMemberVariable>
		<AxClassMemberVariable>
			<Type>ExtendedDataType</Type>
			<TypeName>Price</TypeName>
			<Name>discountPerItem</Name>
			<Attributes />
			<Visibility>Private</Visibility>
		</AxClassMemberVariable>
		<AxClassMemberVariable>
			<Type>ExtendedDataType</Type>
			<TypeName>Price</TypeName>
			<Name>priceAfterDiscount</Name>
			<Attributes />
			<Visibility>Private</Visibility>
		</AxClassMemberVariable>
		<AxClassMemberVariable>
			<Type>ExtendedDataType</Type>
			<TypeName>MCRQuantity</TypeName>
			<Name>quantity</Name>
			<Attributes />
			<Visibility>Private</Visibility>
		</AxClassMemberVariable>
		<AxClassMemberVariable>
			<Type>ExtendedDataType</Type>
			<TypeName>Price</TypeName>
			<Name>totalPrice</Name>
			<Attributes />
			<Visibility>Private</Visibility>
		</AxClassMemberVariable>
	</Members>
	<Methods>
		<Method>
			<Name>parmLineNumber</Name>
			<Visibility>Public</Visibility>
			<Attributes>
				<AxAttribute>
					<Name>DataMember</Name>
					<Parameters>
						<AxAttributeParameter>
							<TypeValue>"LineNumber"</TypeValue>
							<AdditionalData />
						</AxAttributeParameter>
					</Parameters>
				</AxAttribute>
			</Attributes>
			<Parameters>
				<AxMethodParameter>
					<Type>ExtendedDataType</Type>
					<TypeName>LineNumber_IT</TypeName>
					<DefaultValue>lineNumber</DefaultValue>
					<Name>_lineNumber</Name>
				</AxMethodParameter>
			</Parameters>
			<ReturnType>
				<Type>ExtendedDataType</Type>
				<TypeName>LineNumber_IT</TypeName>
			</ReturnType>
		</Method>
		<Method>
			<Name>parmFoodItemName</Name>
			<Visibility>Public</Visibility>
			<Attributes>
				<AxAttribute>
					<Name>DataMember</Name>
					<Parameters>
						<AxAttributeParameter>
							<TypeValue>"FoodItemName"</TypeValue>
							<AdditionalData />
						</AxAttributeParameter>
					</Parameters>
				</AxAttribute>
			</Attributes>
			<Parameters>
				<AxMethodParameter>
					<Type>ExtendedDataType</Type>
					<TypeName>RSFoodItemName</TypeName>
					<DefaultValue>foodItemName</DefaultValue>
					<Name>_foodItemName</Name>
				</AxMethodParameter>
			</Parameters>
			<ReturnType>
				<Type>ExtendedDataType</Type>
				<TypeName>RSFoodItemName</TypeName>
			</ReturnType>
		</Method>
		<Method>
			<Name>parmPricePerItem</Name>
			<Visibility>Public</Visibility>
			<Attributes>
				<AxAttribute>
					<Name>DataMember</Name>
					<Parameters>
						<AxAttributeParameter>
							<TypeValue>"PricePerItem"</TypeValue>
							<AdditionalData />
						</AxAttributeParameter>
					</Parameters>
				</AxAttribute>
			</Attributes>
			<Parameters>
				<AxMethodParameter>
					<Type>ExtendedDataType</Type>
					<TypeName>Price</TypeName>
					<DefaultValue>pricePerItem</DefaultValue>
					<Name>_pricePerItem</Name>
				</AxMethodParameter>
			</Parameters>
			<ReturnType>
				<Type>ExtendedDataType</Type>
				<TypeName>Price</TypeName>
			</ReturnType>
		</Method>
		<Method>
			<Name>parmDiscountPercent</Name>
			<Visibility>Public</Visibility>
			<Attributes>
				<AxAttribute>
					<Name>DataMember</Name>
					<Parameters>
						<AxAttributeParameter>
							<TypeValue>"DiscountPercent"</TypeValue>
							<AdditionalData />
						</AxAttributeParameter>
					</Parameters>
				</AxAttribute>
			</Attributes>
			<Parameters>
				<AxMethodParameter>
					<Type>ExtendedDataType</Type>
					<TypeName>RetailDiscountAmountValue</TypeName>
					<DefaultValue>discountPercent</DefaultValue>
					<Name>_discountPercent</Name>
				</AxMethodParameter>
			</Parameters>
			<ReturnType>
				<Type>ExtendedDataType</Type>
				<TypeName>RetailDiscountAmountValue</TypeName>
			</ReturnType>
		</Method>
		<Method>
			<Name>parmDiscountPerItem</Name>
			<Visibility>Public</Visibility>
			<Attributes>
				<AxAttribute>
					<Name>DataMember</Name>
					<Parameters>
						<AxAttributeParameter>
							<TypeValue>"DiscountPerItem"</TypeValue>
							<AdditionalData />
						</AxAttributeParameter>
					</Parameters>
				</AxAttribute>
			</Attributes>
			<Parameters>
				<AxMethodParameter>
					<Type>ExtendedDataType</Type>
					<TypeName>Price</TypeName>
					<DefaultValue>discountPerItem</DefaultValue>
					<Name>_discountPerItem</Name>
				</AxMethodParameter>
			</Parameters>
			<ReturnType>
				<Type>ExtendedDataType</Type>
				<TypeName>Price</TypeName>
			</ReturnType>
		</Method>
		<Method>
			<Name>parmPriceAfterDiscount</Name>
			<Visibility>Public</Visibility>
			<Attributes>
				<AxAttribute>
					<Name>DataMember</Name>
					<Parameters>
						<AxAttributeParameter>
							<TypeValue>"PriceAfterDiscount"</TypeValue>
							<AdditionalData />
						</AxAttributeParameter>
					</Parameters>
				</AxAttribute>
			</Attributes>
			<Parameters>
				<AxMethodParameter>
					<Type>ExtendedDataType</Type>
					<TypeName>Price</TypeName>
					<DefaultValue>priceAfterDiscount</DefaultValue>
					<Name>_priceAfterDiscount</Name>
				</AxMethodParameter>
			</Parameters>
			<ReturnType>
				<Type>ExtendedDataType</Type>
				<TypeName>Price</TypeName>
			</ReturnType>
		</Method>
		<Method>
			<Name>parmQuantity</Name>
			<Visibility>Public</Visibility>
			<Attributes>
				<AxAttribute>
					<Name>DataMember</Name>
					<Parameters>
						<AxAttributeParameter>
							<TypeValue>"Quantity"</TypeValue>
							<AdditionalData />
						</AxAttributeParameter>
					</Parameters>
				</AxAttribute>
			</Attributes>
			<Parameters>
				<AxMethodParameter>
					<Type>ExtendedDataType</Type>
					<TypeName>MCRQuantity</TypeName>
					<DefaultValue>quantity</DefaultValue>
					<Name>_quantity</Name>
				</AxMethodParameter>
			</Parameters>
			<ReturnType>
				<Type>ExtendedDataType</Type>
				<TypeName>MCRQuantity</TypeName>
			</ReturnType>
		</Method>
		<Method>
			<Name>parmTotalPrice</Name>
			<Visibility>Public</Visibility>
			<Attributes>
				<AxAttribute>
					<Name>DataMember</Name>
					<Parameters>
						<AxAttributeParameter>
							<TypeValue>"LineTotalPrice"</TypeValue>
							<AdditionalData />
						</AxAttributeParameter>
					</Parameters>
				</AxAttribute>
			</Attributes>
			<Parameters>
				<AxMethodParameter>
					<Type>ExtendedDataType</Type>
					<TypeName>Price</TypeName>
					<DefaultValue>totalPrice</DefaultValue>
					<Name>_totalPrice</Name>
				</AxMethodParameter>
			</Parameters>
			<ReturnType>
				<Type>ExtendedDataType</Type>
				<TypeName>Price</TypeName>
			</ReturnType>
		</Method>
	</Methods>
</z:anyType>