<?xml version="1.0" encoding="utf-8"?>
<z:anyType xmlns:i="http://www.w3.org/2001/XMLSchema-instance" xmlns=""
	i:type="AxCompilerMetadata" xmlns:z="http://schemas.microsoft.com/2003/10/Serialization/">
	<IsPublic>true</IsPublic>
	<Attributes>
		<AxAttribute>
			<Name>DataContract</Name>
			<Parameters />
		</AxAttribute>
	</Attributes>
	<Members>
		<AxClassMemberVariable>
			<Type>ExtendedDataType</Type>
			<TypeName>CustAccount</TypeName>
			<Name>customer</Name>
			<Attributes />
			<Visibility>Private</Visibility>
		</AxClassMemberVariable>
	</Members>
	<Methods>
		<Method>
			<Name>parmCustomer</Name>
			<Visibility>Public</Visibility>
			<Attributes>
				<AxAttribute>
					<Name>DataMember</Name>
					<Parameters>
						<AxAttributeParameter>
							<TypeValue>"Customer"</TypeValue>
							<AdditionalData />
						</AxAttributeParameter>
					</Parameters>
				</AxAttribute>
			</Attributes>
			<Parameters>
				<AxMethodParameter>
					<Type>ExtendedDataType</Type>
					<TypeName>CustAccount</TypeName>
					<DefaultValue>customer</DefaultValue>
					<Name>_customer</Name>
				</AxMethodParameter>
			</Parameters>
			<ReturnType>
				<Type>ExtendedDataType</Type>
				<TypeName>CustAccount</TypeName>
			</ReturnType>
		</Method>
	</Methods>
</z:anyType>