<?xml version="1.0" encoding="utf-8"?>
<z:anyType xmlns:i="http://www.w3.org/2001/XMLSchema-instance" xmlns=""
	i:type="AxCompilerMetadata" xmlns:z="http://schemas.microsoft.com/2003/10/Serialization/">
	<IsPublic>true</IsPublic>
	<Methods>
		<Method>
			<Name>createOrderWithLines</Name>
			<Visibility>Public</Visibility>
			<Parameters>
				<AxMethodParameter>
					<Tags></Tags>
					<Type>Class</Type>
					<TypeName>RSOrderCustomServiceRequest</TypeName>
					<Name>request</Name>
				</AxMethodParameter>
			</Parameters>
			<ReturnType>
				<Tags></Tags>
				<Type>Class</Type>
				<TypeName>RSOrderCustomServiceResponse</TypeName>
			</ReturnType>
		</Method>
		<Method>
			<Name>generateCreationResponse</Name>
			<Parameters>
				<AxMethodParameter>
					<Tags></Tags>
					<Type>Record</Type>
					<TypeName>RSOrder</TypeName>
					<Name>rsOrder</Name>
				</AxMethodParameter>
			</Parameters>
			<ReturnType>
				<Tags></Tags>
				<Type>Class</Type>
				<TypeName>RSOrderCustomServiceResponse</TypeName>
			</ReturnType>
		</Method>
		<Method>
			<Name>createLine</Name>
			<Parameters>
				<AxMethodParameter>
					<Tags></Tags>
					<Type>ExtendedDataType</Type>
					<TypeName>RecId</TypeName>
					<Name>orderRecId</Name>
				</AxMethodParameter>
				<AxMethodParameter>
					<Tags></Tags>
					<Type>Class</Type>
					<TypeName>RSOrderCustomServiceRequestLine</TypeName>
					<Name>line</Name>
				</AxMethodParameter>
				<AxMethodParameter>
					<Tags></Tags>
					<Type>Int32</Type>
					<TypeName></TypeName>
					<Name>lineNumber</Name>
				</AxMethodParameter>
			</Parameters>
			<ReturnType>
				<Tags></Tags>
				<TypeName></TypeName>
			</ReturnType>
		</Method>
	</Methods>
</z:anyType>