<?xml version="1.0" encoding="utf-8"?>
<z:anyType xmlns:i="http://www.w3.org/2001/XMLSchema-instance" xmlns=""
	i:type="AxCompilerMetadata" xmlns:z="http://schemas.microsoft.com/2003/10/Serialization/">
	<IsPublic>true</IsPublic>
	<Attributes>
		<AxAttribute>
			<Name>DataContract</Name>
			<Parameters />
		</AxAttribute>
	</Attributes>
	<Members>
		<AxClassMemberVariable>
			<Type>Int32</Type>
			<TypeName></TypeName>
			<Name>status</Name>
			<Attributes />
			<Visibility>Private</Visibility>
		</AxClassMemberVariable>
		<AxClassMemberVariable>
			<Type>String</Type>
			<TypeName></TypeName>
			<Name>infoMessage</Name>
			<Attributes />
			<Visibility>Private</Visibility>
		</AxClassMemberVariable>
		<AxClassMemberVariable>
			<Type>Class</Type>
			<TypeName>RSOrderCustomServiceResponseHeader</TypeName>
			<Name>orderHeader</Name>
			<Attributes />
			<Visibility>Private</Visibility>
		</AxClassMemberVariable>
		<AxClassMemberVariable>
			<Type>Class</Type>
			<TypeName>List</TypeName>
			<Name>orderLines</Name>
			<Attributes />
			<Visibility>Private</Visibility>
		</AxClassMemberVariable>
	</Members>
	<Methods>
		<Method>
			<Name>parmStatus</Name>
			<Visibility>Public</Visibility>
			<Attributes>
				<AxAttribute>
					<Name>DataMember</Name>
					<Parameters>
						<AxAttributeParameter>
							<TypeValue>"Status"</TypeValue>
							<AdditionalData />
						</AxAttributeParameter>
					</Parameters>
				</AxAttribute>
			</Attributes>
			<Parameters>
				<AxMethodParameter>
					<Type>Int32</Type>
					<TypeName></TypeName>
					<DefaultValue>status</DefaultValue>
					<Name>_status</Name>
				</AxMethodParameter>
			</Parameters>
			<ReturnType>
				<Type>Int32</Type>
				<TypeName></TypeName>
			</ReturnType>
		</Method>
		<Method>
			<Name>parmInfoMessage</Name>
			<Visibility>Public</Visibility>
			<Attributes>
				<AxAttribute>
					<Name>DataMember</Name>
					<Parameters>
						<AxAttributeParameter>
							<TypeValue>"InfoMessage"</TypeValue>
							<AdditionalData />
						</AxAttributeParameter>
					</Parameters>
				</AxAttribute>
			</Attributes>
			<Parameters>
				<AxMethodParameter>
					<Type>String</Type>
					<TypeName></TypeName>
					<DefaultValue>infoMessage</DefaultValue>
					<Name>_infoMessage</Name>
				</AxMethodParameter>
			</Parameters>
			<ReturnType>
				<Type>String</Type>
				<TypeName></TypeName>
			</ReturnType>
		</Method>
		<Method>
			<Name>parmOrderHeader</Name>
			<Visibility>Public</Visibility>
			<Attributes>
				<AxAttribute>
					<Name>DataMember</Name>
					<Parameters>
						<AxAttributeParameter>
							<TypeValue>"Order"</TypeValue>
							<AdditionalData />
						</AxAttributeParameter>
					</Parameters>
				</AxAttribute>
			</Attributes>
			<Parameters>
				<AxMethodParameter>
					<Type>Class</Type>
					<TypeName>RSOrderCustomServiceResponseHeader</TypeName>
					<DefaultValue>orderHeader</DefaultValue>
					<Name>_orderHeader</Name>
				</AxMethodParameter>
			</Parameters>
			<ReturnType>
				<Type>Class</Type>
				<TypeName>RSOrderCustomServiceResponseHeader</TypeName>
			</ReturnType>
		</Method>
		<Method>
			<Name>parmOrderLines</Name>
			<Visibility>Public</Visibility>
			<Attributes>
				<AxAttribute>
					<Name>DataMember</Name>
					<Parameters>
						<AxAttributeParameter>
							<TypeValue>"Lines"</TypeValue>
							<AdditionalData />
						</AxAttributeParameter>
					</Parameters>
				</AxAttribute>
				<AxAttribute>
					<Name>DataCollection</Name>
					<Parameters>
						<AxAttributeParameter>
							<Type>Enum</Type>
							<TypeValue>Types</TypeValue>
							<AdditionalData>
								<AxAttributeParameter>
									<TypeValue>Class</TypeValue>
									<AdditionalData />
								</AxAttributeParameter>
							</AdditionalData>
						</AxAttributeParameter>
						<AxAttributeParameter>
							<Type>Intrinsic</Type>
							<TypeValue>classStr</TypeValue>
							<AdditionalData>
								<AxAttributeParameter>
									<TypeValue>RSOrderCustomServiceResponseLine</TypeValue>
									<AdditionalData />
								</AxAttributeParameter>
								<AxAttributeParameter>
									<AdditionalData />
								</AxAttributeParameter>
								<AxAttributeParameter>
									<AdditionalData />
								</AxAttributeParameter>
							</AdditionalData>
						</AxAttributeParameter>
					</Parameters>
				</AxAttribute>
				<AxAttribute>
					<Name>AifCollectionType</Name>
					<Parameters>
						<AxAttributeParameter>
							<TypeValue>'_orderLines'</TypeValue>
							<AdditionalData />
						</AxAttributeParameter>
						<AxAttributeParameter>
							<Type>Enum</Type>
							<TypeValue>Types</TypeValue>
							<AdditionalData>
								<AxAttributeParameter>
									<TypeValue>Class</TypeValue>
									<AdditionalData />
								</AxAttributeParameter>
							</AdditionalData>
						</AxAttributeParameter>
						<AxAttributeParameter>
							<Type>Intrinsic</Type>
							<TypeValue>classStr</TypeValue>
							<AdditionalData>
								<AxAttributeParameter>
									<TypeValue>RSOrderCustomServiceResponseLine</TypeValue>
									<AdditionalData />
								</AxAttributeParameter>
								<AxAttributeParameter>
									<AdditionalData />
								</AxAttributeParameter>
								<AxAttributeParameter>
									<AdditionalData />
								</AxAttributeParameter>
							</AdditionalData>
						</AxAttributeParameter>
					</Parameters>
				</AxAttribute>
				<AxAttribute>
					<Name>AifCollectionType</Name>
					<Parameters>
						<AxAttributeParameter>
							<TypeValue>'return'</TypeValue>
							<AdditionalData />
						</AxAttributeParameter>
						<AxAttributeParameter>
							<Type>Enum</Type>
							<TypeValue>Types</TypeValue>
							<AdditionalData>
								<AxAttributeParameter>
									<TypeValue>Class</TypeValue>
									<AdditionalData />
								</AxAttributeParameter>
							</AdditionalData>
						</AxAttributeParameter>
						<AxAttributeParameter>
							<Type>Intrinsic</Type>
							<TypeValue>classStr</TypeValue>
							<AdditionalData>
								<AxAttributeParameter>
									<TypeValue>RSOrderCustomServiceResponseLine</TypeValue>
									<AdditionalData />
								</AxAttributeParameter>
								<AxAttributeParameter>
									<AdditionalData />
								</AxAttributeParameter>
								<AxAttributeParameter>
									<AdditionalData />
								</AxAttributeParameter>
							</AdditionalData>
						</AxAttributeParameter>
					</Parameters>
				</AxAttribute>
			</Attributes>
			<Parameters>
				<AxMethodParameter>
					<Type>Class</Type>
					<TypeName>List</TypeName>
					<DefaultValue>orderLines</DefaultValue>
					<Name>_orderLines</Name>
				</AxMethodParameter>
			</Parameters>
			<ReturnType>
				<Type>Class</Type>
				<TypeName>List</TypeName>
			</ReturnType>
		</Method>
	</Methods>
</z:anyType>