<?xml version="1.0" encoding="utf-8"?>
<z:anyType xmlns:i="http://www.w3.org/2001/XMLSchema-instance" xmlns=""
	i:type="AxCompilerMetadata" xmlns:z="http://schemas.microsoft.com/2003/10/Serialization/">
	<Extends>SysOperationServiceBase</Extends>
	<IsPublic>true</IsPublic>
	<Methods>
		<Method>
			<Name>process</Name>
			<Visibility>Public</Visibility>
			<Parameters>
				<AxMethodParameter>
					<Tags></Tags>
					<Type>Class</Type>
					<TypeName>RSProcessOrderContract</TypeName>
					<Name>_contract</Name>
				</AxMethodParameter>
			</Parameters>
			<ReturnType>
				<Tags></Tags>
				<TypeName></TypeName>
			</ReturnType>
		</Method>
		<Method>
			<Name>processOrderLine</Name>
			<Visibility>Protected</Visibility>
			<Parameters>
				<AxMethodParameter>
					<Tags></Tags>
					<Type>Record</Type>
					<TypeName>RSOrderLine</TypeName>
					<Name>rsOrderLine</Name>
				</AxMethodParameter>
				<AxMethodParameter>
					<Tags></Tags>
					<Type>ExtendedDataType</Type>
					<TypeName>SalesId</TypeName>
					<Name>salesOrderNumber</Name>
				</AxMethodParameter>
			</Parameters>
			<ReturnType>
				<Tags></Tags>
				<TypeName></TypeName>
			</ReturnType>
		</Method>
	</Methods>
</z:anyType>