<?xml version="1.0" encoding="utf-8"?>
<AxEnum xmlns:i="http://www.w3.org/2001/XMLSchema-instance">
	<Name>RSFoodItemCategory</Name>
	<Label>@RSLabels:FoodItemCategory</Label>
	<UseEnumValue>No</UseEnumValue>
	<EnumValues>
		<AxEnumValue>
			<Name>Breakfast</Name>
			<Label>@RSLabels:Breakfast</Label>
		</AxEnumValue>
		<AxEnumValue>
			<Name>Lunch</Name>
			<Label>@RSLabels:Lunch</Label>
			<Value>1</Value>
		</AxEnumValue>
		<AxEnumValue>
			<Name>Dinner</Name>
			<Label>@RSLabels:Dinner</Label>
			<Value>2</Value>
		</AxEnumValue>
		<AxEnumValue>
			<Name>Salad</Name>
			<Label>@RSLabels:Salad</Label>
			<Value>3</Value>
		</AxEnumValue>
		<AxEnumValue>
			<Name>Appetizer</Name>
			<Label>@RSLabels:Appetizer</Label>
			<Value>4</Value>
		</AxEnumValue>
		<AxEnumValue>
			<Name>Dessert</Name>
			<Label>@RSLabels:Dessert</Label>
			<Value>5</Value>
		</AxEnumValue>
		<AxEnumValue>
			<Name>Drink</Name>
			<Label>@RSLabels:Drink</Label>
			<Value>6</Value>
		</AxEnumValue>
	</EnumValues>
	<IsExtensible>true</IsExtensible>
</AxEnum>