<?xml version="1.0" encoding="utf-8"?>
<AxEnum xmlns:i="http://www.w3.org/2001/XMLSchema-instance">
	<Name>RSNewsletterAcceptanceStatus</Name>
	<Label>@RSLabels:NewsletterAcceptanceStatus</Label>
	<UseEnumValue>No</UseEnumValue>
	<EnumValues>
		<AxEnumValue>
			<Name>Pending</Name>
			<Label>@RSLabels:Pending</Label>
		</AxEnumValue>
		<AxEnumValue>
			<Name>Accepted</Name>
			<Label>@RSLabels:Accepted</Label>
			<Value>1</Value>
		</AxEnumValue>
		<AxEnumValue>
			<Name>Declined</Name>
			<Label>@RSLabels:Declined</Label>
			<Value>2</Value>
		</AxEnumValue>
	</EnumValues>
	<IsExtensible>true</IsExtensible>
</AxEnum>