<?xml version="1.0" encoding="utf-8"?>
<AxService xmlns:i="http://www.w3.org/2001/XMLSchema-instance">
	<Name>RSNewsletterService</Name>
	<Class>RSNewsletterService</Class>
	<ExternalName>RSNewsletterService</ExternalName>
	<ServiceOperations>
		<AxServiceOperation>
			<Name>acceptInvitation</Name>
			<Method>acceptInvitation</Method>
			<SubscriberAccessLevel>
				<Read>Allow</Read>
			</SubscriberAccessLevel>
		</AxServiceOperation>
		<AxServiceOperation>
			<Name>declineInvitation</Name>
			<Method>declineInvitation</Method>
			<SubscriberAccessLevel>
				<Read>Allow</Read>
			</SubscriberAccessLevel>
		</AxServiceOperation>
	</ServiceOperations>
</AxService>