<?xml version="1.0" encoding="utf-8"?>
<AxForm xmlns:i="http://www.w3.org/2001/XMLSchema-instance" xmlns="Microsoft.Dynamics.AX.Metadata.V6">
	<Name>RSFoodItem</Name>
	<SourceCode>
		<Methods xmlns="">
			<Method>
				<Name>classDeclaration</Name>
				<Source><![CDATA[
[Form]
public class RSFoodItem extends FormRun
{
}
]]></Source>
			</Method>
		</Methods>
		<DataSources xmlns="" />
		<DataControls xmlns="" />
		<Members xmlns="" />
	</SourceCode>
	<AllowPreLoading>No</AllowPreLoading>
	<DataSources>
		<AxFormDataSource xmlns="">
			<Name>RSFoodItem</Name>
			<Table>RSFoodItem</Table>
			<Fields>
				<AxFormDataSourceField>
					<DataField>Category</DataField>
				</AxFormDataSourceField>
				<AxFormDataSourceField>
					<DataField>DataAreaId</DataField>
				</AxFormDataSourceField>
				<AxFormDataSourceField>
					<DataField>Description</DataField>
				</AxFormDataSourceField>
				<AxFormDataSourceField>
					<DataField>Id</DataField>
				</AxFormDataSourceField>
				<AxFormDataSourceField>
					<DataField>Name</DataField>
				</AxFormDataSourceField>
				<AxFormDataSourceField>
					<DataField>Partition</DataField>
				</AxFormDataSourceField>
				<AxFormDataSourceField>
					<DataField>Price</DataField>
				</AxFormDataSourceField>
				<AxFormDataSourceField>
					<DataField>RecId</DataField>
				</AxFormDataSourceField>
				<AxFormDataSourceField>
					<DataField>TableId</DataField>
				</AxFormDataSourceField>
			</Fields>
			<ReferencedDataSources />
			<InsertIfEmpty>No</InsertIfEmpty>
			<DataSourceLinks />
			<DerivedDataSources />
		</AxFormDataSource>
		<AxFormDataSource xmlns="">
			<Name>RSFoodItem_Ingredient</Name>
			<Table>RSFoodItem_Ingredient</Table>
			<Fields>
				<AxFormDataSourceField>
					<DataField>DataAreaId</DataField>
				</AxFormDataSourceField>
				<AxFormDataSourceField>
					<DataField>FoodItem</DataField>
				</AxFormDataSourceField>
				<AxFormDataSourceField>
					<DataField>Ingredient</DataField>
				</AxFormDataSourceField>
				<AxFormDataSourceField>
					<DataField>Partition</DataField>
				</AxFormDataSourceField>
				<AxFormDataSourceField>
					<DataField>RecId</DataField>
				</AxFormDataSourceField>
				<AxFormDataSourceField>
					<DataField>TableId</DataField>
				</AxFormDataSourceField>
			</Fields>
			<ReferencedDataSources>
				<AxFormReferencedDataSource>
					<Name>Ingredient</Name>
					<Table>RSIngredient</Table>
					<Fields>
						<AxFormDataSourceField>
							<DataField>DataAreaId</DataField>
						</AxFormDataSourceField>
						<AxFormDataSourceField>
							<DataField>Id</DataField>
						</AxFormDataSourceField>
						<AxFormDataSourceField>
							<DataField>Name</DataField>
						</AxFormDataSourceField>
						<AxFormDataSourceField>
							<DataField>Partition</DataField>
						</AxFormDataSourceField>
						<AxFormDataSourceField>
							<DataField>RecId</DataField>
						</AxFormDataSourceField>
						<AxFormDataSourceField>
							<DataField>TableId</DataField>
						</AxFormDataSourceField>
					</Fields>
					<ReferencedDataSources />
					<JoinSource>RSFoodItem_Ingredient</JoinSource>
					<LinkType>OuterJoin</LinkType>
					<JoinRelation>RSIngredient</JoinRelation>
				</AxFormReferencedDataSource>
			</ReferencedDataSources>
			<JoinSource>RSFoodItem</JoinSource>
			<LinkType>Active</LinkType>
			<InsertIfEmpty>No</InsertIfEmpty>
			<DataSourceLinks />
			<DerivedDataSources />
		</AxFormDataSource>
	</DataSources>
	<Design>
		<Caption xmlns="">@RSLabels:FoodItem</Caption>
		<DataSource xmlns="">RSFoodItem</DataSource>
		<Pattern xmlns="">SimpleListDetails</Pattern>
		<PatternVersion xmlns="">1.3</PatternVersion>
		<Style xmlns="">SimpleListDetails</Style>
		<Controls xmlns="">
			<AxFormControl xmlns=""
				i:type="AxFormActionPaneControl">
				<Name>ApplicationBar</Name>
				<Type>ActionPane</Type>
				<FormControlExtension
					i:nil="true" />
				<Controls />
			</AxFormControl>
			<AxFormControl xmlns=""
				i:type="AxFormGroupControl">
				<Name>NavListGroup</Name>
				<HeightMode>SizeToAvailable</HeightMode>
				<Type>Group</Type>
				<FormControlExtension
					i:nil="true" />
				<Controls>
					<AxFormControl>
						<Name>QuickFilter</Name>
						<WidthMode>SizeToAvailable</WidthMode>
						<FormControlExtension>
							<Name>QuickFilterControl</Name>
							<ExtensionComponents />
							<ExtensionProperties>
								<AxFormControlExtensionProperty>
									<Name>targetControlName</Name>
									<Type>String</Type>
								</AxFormControlExtensionProperty>
								<AxFormControlExtensionProperty>
									<Name>placeholderText</Name>
									<Type>String</Type>
								</AxFormControlExtensionProperty>
								<AxFormControlExtensionProperty>
									<Name>defaultColumnName</Name>
									<Type>String</Type>
								</AxFormControlExtensionProperty>
							</ExtensionProperties>
						</FormControlExtension>
					</AxFormControl>
					<AxFormControl xmlns=""
						i:type="AxFormGridControl">
						<Name>NavListGrid</Name>
						<AllowEdit>No</AllowEdit>
						<Type>Grid</Type>
						<WidthMode>SizeToContent</WidthMode>
						<FormControlExtension
							i:nil="true" />
						<Controls>
							<AxFormControl xmlns=""
								i:type="AxFormGroupControl">
								<Name>Header</Name>
								<Type>Group</Type>
								<FormControlExtension
									i:nil="true" />
								<Controls>
									<AxFormControl xmlns=""
										i:type="AxFormStringControl">
										<Name>Header_Name</Name>
										<Type>String</Type>
										<FormControlExtension
											i:nil="true" />
										<DataField>Name</DataField>
										<DataSource>RSFoodItem</DataSource>
									</AxFormControl>
									<AxFormControl xmlns=""
										i:type="AxFormRealControl">
										<Name>Header_Price</Name>
										<Type>Real</Type>
										<FormControlExtension
											i:nil="true" />
										<DataField>Price</DataField>
										<DataSource>RSFoodItem</DataSource>
									</AxFormControl>
								</Controls>
								<DataGroup>Header</DataGroup>
								<DataSource>RSFoodItem</DataSource>
							</AxFormControl>
						</Controls>
						<MultiSelect>No</MultiSelect>
						<ShowRowLabels>No</ShowRowLabels>
						<Style>List</Style>
					</AxFormControl>
				</Controls>
				<FrameType>None</FrameType>
				<Style>SidePanel</Style>
			</AxFormControl>
			<AxFormControl xmlns=""
				i:type="AxFormGroupControl">
				<Name>DetailsHeader</Name>
				<Pattern>FieldsFieldGroups</Pattern>
				<PatternVersion>1.1</PatternVersion>
				<Type>Group</Type>
				<WidthMode>SizeToAvailable</WidthMode>
				<FormControlExtension
					i:nil="true" />
				<Controls>
					<AxFormControl xmlns=""
						i:type="AxFormGroupControl">
						<Name>Overview</Name>
						<Type>Group</Type>
						<FormControlExtension
							i:nil="true" />
						<Controls>
							<AxFormControl xmlns=""
								i:type="AxFormIntegerControl">
								<Name>Overview_Id</Name>
								<Type>Integer</Type>
								<FormControlExtension
									i:nil="true" />
								<DataField>Id</DataField>
								<DataSource>RSFoodItem</DataSource>
							</AxFormControl>
							<AxFormControl xmlns=""
								i:type="AxFormStringControl">
								<Name>Overview_Description</Name>
								<Type>String</Type>
								<FormControlExtension
									i:nil="true" />
								<DataField>Description</DataField>
								<DataSource>RSFoodItem</DataSource>
							</AxFormControl>
							<AxFormControl xmlns=""
								i:type="AxFormStringControl">
								<Name>Overview_Name</Name>
								<Type>String</Type>
								<FormControlExtension
									i:nil="true" />
								<DataField>Name</DataField>
								<DataSource>RSFoodItem</DataSource>
							</AxFormControl>
							<AxFormControl xmlns=""
								i:type="AxFormComboBoxControl">
								<Name>Overview_Category</Name>
								<Type>ComboBox</Type>
								<FormControlExtension
									i:nil="true" />
								<DataField>Category</DataField>
								<DataSource>RSFoodItem</DataSource>
								<Items />
							</AxFormControl>
							<AxFormControl xmlns=""
								i:type="AxFormRealControl">
								<Name>Overview_Price</Name>
								<Type>Real</Type>
								<FormControlExtension
									i:nil="true" />
								<DataField>Price</DataField>
								<DataSource>RSFoodItem</DataSource>
							</AxFormControl>
						</Controls>
						<DataGroup>Overview</DataGroup>
						<DataSource>RSFoodItem</DataSource>
					</AxFormControl>
				</Controls>
				<ColumnsMode>Fill</ColumnsMode>
				<FrameType>None</FrameType>
			</AxFormControl>
			<AxFormControl xmlns=""
				i:type="AxFormTabControl">
				<Name>DetailsTabs</Name>
				<Type>Tab</Type>
				<FormControlExtension
					i:nil="true" />
				<Controls>
					<AxFormControl xmlns=""
						i:type="AxFormTabPageControl">
						<Name>IngredientsTab</Name>
						<Pattern>ToolbarList</Pattern>
						<PatternVersion>1.2</PatternVersion>
						<Type>TabPage</Type>
						<FormControlExtension
							i:nil="true" />
						<Controls>
							<AxFormControl xmlns=""
								i:type="AxFormActionPaneControl">
								<Name>IngredientsActionPane</Name>
								<Type>ActionPane</Type>
								<FormControlExtension
									i:nil="true" />
								<Controls>
									<AxFormControl xmlns=""
										i:type="AxFormButtonGroupControl">
										<Name>IngredientsControlButtons</Name>
										<Type>ButtonGroup</Type>
										<FormControlExtension
											i:nil="true" />
										<Controls>
											<AxFormControl xmlns=""
												i:type="AxFormCommandButtonControl">
												<Name>IngredientSaveButton</Name>
												<Type>CommandButton</Type>
												<FormControlExtension
													i:nil="true" />
												<Command>Save</Command>
											</AxFormControl>
											<AxFormControl xmlns=""
												i:type="AxFormCommandButtonControl">
												<Name>IngredientNewButton</Name>
												<Type>CommandButton</Type>
												<FormControlExtension
													i:nil="true" />
												<Command>New</Command>
											</AxFormControl>
											<AxFormControl xmlns=""
												i:type="AxFormCommandButtonControl">
												<Name>IngredientDeleteButton</Name>
												<Type>CommandButton</Type>
												<FormControlExtension
													i:nil="true" />
												<Command>DeleteRecord</Command>
											</AxFormControl>
										</Controls>
									</AxFormControl>
								</Controls>
								<Style>Strip</Style>
							</AxFormControl>
							<AxFormControl xmlns=""
								i:type="AxFormGridControl">
								<Name>IngredientsGrid</Name>
								<Type>Grid</Type>
								<FormControlExtension
									i:nil="true" />
								<Controls>
									<AxFormControl xmlns=""
										i:type="AxFormReferenceGroupControl">
										<Name>RSFoodItem_Ingredient_Ingredient</Name>
										<Type>ReferenceGroup</Type>
										<FormControlExtension
											i:nil="true" />
										<Controls />
										<DataSource>RSFoodItem_Ingredient</DataSource>
										<ReferenceField>Ingredient</ReferenceField>
									</AxFormControl>
									<AxFormControl xmlns=""
										i:type="AxFormStringControl">
										<Name>Ingredient_Name</Name>
										<Type>String</Type>
										<FormControlExtension
											i:nil="true" />
										<DataField>Name</DataField>
										<DataSource>Ingredient</DataSource>
									</AxFormControl>
								</Controls>
								<DataSource>RSFoodItem_Ingredient</DataSource>
							</AxFormControl>
						</Controls>
						<Caption>@RSLabels:IngredientsCaption</Caption>
						<DataSource>RSFoodItem_Ingredient</DataSource>
					</AxFormControl>
				</Controls>
				<Style>FastTabs</Style>
			</AxFormControl>
		</Controls>
	</Design>
	<Parts />
</AxForm>