<?xml version="1.0" encoding="utf-8"?>
<AxForm xmlns:i="http://www.w3.org/2001/XMLSchema-instance" xmlns="Microsoft.Dynamics.AX.Metadata.V6">
	<Name>RSIngredient</Name>
	<SourceCode>
		<Methods xmlns="">
			<Method>
				<Name>classDeclaration</Name>
				<Source><![CDATA[
[Form]
public class RSIngredient extends FormRun
{
}
]]></Source>
			</Method>
		</Methods>
		<DataSources xmlns="" />
		<DataControls xmlns="" />
		<Members xmlns="" />
	</SourceCode>
	<DataSources>
		<AxFormDataSource xmlns="">
			<Name>RSIngredient</Name>
			<Table>RSIngredient</Table>
			<Fields>
				<AxFormDataSourceField>
					<DataField>DataAreaId</DataField>
				</AxFormDataSourceField>
				<AxFormDataSourceField>
					<DataField>Id</DataField>
				</AxFormDataSourceField>
				<AxFormDataSourceField>
					<DataField>Name</DataField>
				</AxFormDataSourceField>
				<AxFormDataSourceField>
					<DataField>Partition</DataField>
				</AxFormDataSourceField>
				<AxFormDataSourceField>
					<DataField>RecId</DataField>
				</AxFormDataSourceField>
				<AxFormDataSourceField>
					<DataField>TableId</DataField>
				</AxFormDataSourceField>
			</Fields>
			<ReferencedDataSources />
			<InsertIfEmpty>No</InsertIfEmpty>
			<DataSourceLinks />
			<DerivedDataSources />
		</AxFormDataSource>
	</DataSources>
	<Design>
		<Caption xmlns="">@RSLabels:IngredientCaption</Caption>
		<DataSource xmlns="">RSIngredient</DataSource>
		<Pattern xmlns="">SimpleList</Pattern>
		<PatternVersion xmlns="">1.1</PatternVersion>
		<Style xmlns="">SimpleList</Style>
		<Controls xmlns="">
			<AxFormControl xmlns=""
				i:type="AxFormActionPaneControl">
				<Name>ActionPane</Name>
				<Type>ActionPane</Type>
				<FormControlExtension
					i:nil="true" />
				<Controls />
			</AxFormControl>
			<AxFormControl xmlns=""
				i:type="AxFormGroupControl">
				<Name>CustomFilterGroup</Name>
				<Pattern>CustomAndQuickFilters</Pattern>
				<PatternVersion>1.1</PatternVersion>
				<Type>Group</Type>
				<WidthMode>SizeToAvailable</WidthMode>
				<FormControlExtension
					i:nil="true" />
				<Controls>
					<AxFormControl>
						<Name>QuickFilter</Name>
						<FormControlExtension>
							<Name>QuickFilterControl</Name>
							<ExtensionComponents />
							<ExtensionProperties>
								<AxFormControlExtensionProperty>
									<Name>targetControlName</Name>
									<Type>String</Type>
								</AxFormControlExtensionProperty>
								<AxFormControlExtensionProperty>
									<Name>placeholderText</Name>
									<Type>String</Type>
								</AxFormControlExtensionProperty>
								<AxFormControlExtensionProperty>
									<Name>defaultColumnName</Name>
									<Type>String</Type>
								</AxFormControlExtensionProperty>
							</ExtensionProperties>
						</FormControlExtension>
					</AxFormControl>
				</Controls>
				<ArrangeMethod>HorizontalLeft</ArrangeMethod>
				<FrameType>None</FrameType>
				<Style>CustomFilter</Style>
				<ViewEditMode>Edit</ViewEditMode>
			</AxFormControl>
			<AxFormControl xmlns=""
				i:type="AxFormGridControl">
				<Name>SimpleListGrid</Name>
				<Type>Grid</Type>
				<FormControlExtension
					i:nil="true" />
				<Controls>
					<AxFormControl xmlns=""
						i:type="AxFormGroupControl">
						<Name>Overview</Name>
						<Type>Group</Type>
						<FormControlExtension
							i:nil="true" />
						<Controls>
							<AxFormControl xmlns=""
								i:type="AxFormIntegerControl">
								<Name>Overview_Id</Name>
								<Type>Integer</Type>
								<FormControlExtension
									i:nil="true" />
								<DataField>Id</DataField>
								<DataSource>RSIngredient</DataSource>
							</AxFormControl>
							<AxFormControl xmlns=""
								i:type="AxFormStringControl">
								<Name>Overview_Name</Name>
								<Type>String</Type>
								<FormControlExtension
									i:nil="true" />
								<DataField>Name</DataField>
								<DataSource>RSIngredient</DataSource>
							</AxFormControl>
						</Controls>
						<DataGroup>Overview</DataGroup>
						<DataSource>RSIngredient</DataSource>
					</AxFormControl>
				</Controls>
				<Style>Tabular</Style>
			</AxFormControl>
		</Controls>
	</Design>
	<Parts />
</AxForm>