<?xml version="1.0" encoding="utf-8"?>
<AxForm xmlns:i="http://www.w3.org/2001/XMLSchema-instance" xmlns="Microsoft.Dynamics.AX.Metadata.V6">
	<Name>RSNewsletter</Name>
	<SourceCode>
		<Methods xmlns="">
			<Method>
				<Name>classDeclaration</Name>
				<Source><![CDATA[
[Form]
public class RSNewsletter extends FormRun
{
    QueryBuildDataSource rootDataSource;

}
]]></Source>
			</Method>
			<Method>
				<Name>init</Name>
				<Source><![CDATA[
    public void init()
    {
        super();

        rootDataSource = RSNewsletterSubscriber_ds.query().dataSourceTable(tableNum(RSNewsletterSubscriber));
    }

]]></Source>
			</Method>
		</Methods>
		<DataSources xmlns="" />
		<DataControls xmlns="">
			<Control>
				<Name>SubscribeButton</Name>
				<Type>Button</Type>
				<Methods>
					<Method>
						<Name>clicked</Name>
						<Source><![CDATA[
        public void clicked()
        {
            SysUserInfo user = SysUserInfo::find();
            if (RSNewsletterSubscriber::exists(user.Email)) 
            {
                RSNewsletterSubscriber newsletterSub = RSNewsletterSubscriber::find(user.Email, true);

                if (newsletterSub.Status != RSNewsletterAcceptanceStatus::Accepted) 
                {
                    ttsbegin;
                    newsletterSub.Status = RSNewsletterAcceptanceStatus::Accepted;
                    newsletterSub.update();
                    ttscommit;
                    info(strFmt("User %1 has accepted the newsletter.", user.Email));
                }
                else
                {
                    error(strFmt("User %1 is already subscribed to the newsletter.", user.Email));
                }
            }
            else 
            {
                RSNewsletterSubscriber newsletterSub;
                newsletterSub.Email = user.Email;
                newsletterSub.Status = RSNewsletterAcceptanceStatus::Accepted;
                newsletterSub.insert();
                info(strFmt("User %1 has been added to the newsletter.", user.Email));
            }
            RSNewsletterSubscriber_ds.research();
        }

]]></Source>
					</Method>
				</Methods>
			</Control>
			<Control>
				<Name>NewsletterAcceptanceStatusFilter</Name>
				<Type>ComboBox</Type>
				<Methods>
					<Method>
						<Name>modified</Name>
						<Source><![CDATA[
        public boolean modified()
        {
            boolean ret;
            

            RSNewsletterAcceptanceStatusAll statusFilterValue = NewsletterAcceptanceStatusFilter.selection();
            if (statusFilterValue == RSNewsletterAcceptanceStatusAll::All) 
            {
                rootDataSource.clearRange(fieldNum(RSNewsletterSubscriber, Status));
            }
            else
            {
                QueryBuildRange statusRange = SysQuery::findOrCreateRange(rootDataSource, fieldNum(RSNewsletterSubscriber, Status));
                statusRange.value(queryValue(statusFilterValue));
            }

            RSNewsletterSubscriber_ds.executeQuery();

            ret = super();

            return ret;
        }

]]></Source>
					</Method>
					<Method>
						<Name>initialize</Name>
						<Source><![CDATA[
        protected void initialize()
        {
            NewsletterAcceptanceStatusFilter.selection(RSNewsletterAcceptanceStatusAll::Accepted);
            super();
            //this.modified(); TODO i have no idea why this doesn't work...
        }

]]></Source>
					</Method>
				</Methods>
			</Control>
		</DataControls>
		<Members xmlns="" />
	</SourceCode>
	<DataSources>
		<AxFormDataSource xmlns="">
			<Name>RSNewsletterSubscriber</Name>
			<Table>RSNewsletterSubscriber</Table>
			<Fields>
				<AxFormDataSourceField>
					<DataField>DataAreaId</DataField>
				</AxFormDataSourceField>
				<AxFormDataSourceField>
					<DataField>Email</DataField>
				</AxFormDataSourceField>
				<AxFormDataSourceField>
					<DataField>Partition</DataField>
				</AxFormDataSourceField>
				<AxFormDataSourceField>
					<DataField>RecId</DataField>
				</AxFormDataSourceField>
				<AxFormDataSourceField>
					<DataField>Status</DataField>
				</AxFormDataSourceField>
				<AxFormDataSourceField>
					<DataField>TableId</DataField>
				</AxFormDataSourceField>
			</Fields>
			<ReferencedDataSources />
			<AllowCreate>No</AllowCreate>
			<AllowDelete>No</AllowDelete>
			<AllowEdit>No</AllowEdit>
			<InsertIfEmpty>No</InsertIfEmpty>
			<DataSourceLinks />
			<DerivedDataSources />
		</AxFormDataSource>
	</DataSources>
	<Design>
		<DataSource xmlns="">RSNewsletterSubscriber</DataSource>
		<Pattern xmlns="">SimpleList</Pattern>
		<PatternVersion xmlns="">1.1</PatternVersion>
		<Style xmlns="">SimpleList</Style>
		<Controls xmlns="">
			<AxFormControl xmlns=""
				i:type="AxFormActionPaneControl">
				<Name>ApplicationBar</Name>
				<Type>ActionPane</Type>
				<FormControlExtension
					i:nil="true" />
				<Controls>
					<AxFormControl xmlns=""
						i:type="AxFormButtonGroupControl">
						<Name>AddButtonGroup</Name>
						<Type>ButtonGroup</Type>
						<FormControlExtension
							i:nil="true" />
						<Controls>
							<AxFormControl xmlns=""
								i:type="AxFormButtonControl">
								<Name>SubscribeButton</Name>
								<Type>Button</Type>
								<FormControlExtension
									i:nil="true" />
								<AutoRefreshData>Yes</AutoRefreshData>
								<Text>@RSLabels:Subscribe</Text>
							</AxFormControl>
							<AxFormControl xmlns=""
								i:type="AxFormMenuFunctionButtonControl">
								<Name>RSInviteUserToNewsletter</Name>
								<Type>MenuFunctionButton</Type>
								<FormControlExtension
									i:nil="true" />
								<AutoRefreshData>Yes</AutoRefreshData>
								<DataSource>RSNewsletterSubscriber</DataSource>
								<MenuItemName>RSInviteUserToNewsletter</MenuItemName>
								<MenuItemType>Action</MenuItemType>
							</AxFormControl>
						</Controls>
						<DataSource>RSNewsletterSubscriber</DataSource>
					</AxFormControl>
				</Controls>
				<DataSource>RSNewsletterSubscriber</DataSource>
			</AxFormControl>
			<AxFormControl xmlns=""
				i:type="AxFormGroupControl">
				<Name>CustomFilterGroup</Name>
				<Pattern>CustomAndQuickFilters</Pattern>
				<PatternVersion>1.1</PatternVersion>
				<Type>Group</Type>
				<WidthMode>SizeToAvailable</WidthMode>
				<FormControlExtension
					i:nil="true" />
				<Controls>
					<AxFormControl>
						<Name>QuickFilter</Name>
						<FormControlExtension>
							<Name>QuickFilterControl</Name>
							<ExtensionComponents />
							<ExtensionProperties>
								<AxFormControlExtensionProperty>
									<Name>targetControlName</Name>
									<Type>String</Type>
								</AxFormControlExtensionProperty>
								<AxFormControlExtensionProperty>
									<Name>placeholderText</Name>
									<Type>String</Type>
								</AxFormControlExtensionProperty>
								<AxFormControlExtensionProperty>
									<Name>defaultColumnName</Name>
									<Type>String</Type>
								</AxFormControlExtensionProperty>
							</ExtensionProperties>
						</FormControlExtension>
					</AxFormControl>
					<AxFormControl xmlns=""
						i:type="AxFormComboBoxControl">
						<Name>NewsletterAcceptanceStatusFilter</Name>
						<AutoDeclaration>Yes</AutoDeclaration>
						<FilterExpression>%1</FilterExpression>
						<Type>ComboBox</Type>
						<FormControlExtension
							i:nil="true" />
						<EnumType>RSNewsletterAcceptanceStatusAll</EnumType>
						<Items />
					</AxFormControl>
				</Controls>
				<ArrangeMethod>HorizontalLeft</ArrangeMethod>
				<DataSource>RSNewsletterSubscriber</DataSource>
				<FrameType>None</FrameType>
				<Style>CustomFilter</Style>
				<ViewEditMode>Edit</ViewEditMode>
			</AxFormControl>
			<AxFormControl xmlns=""
				i:type="AxFormGridControl">
				<Name>SimpleListGrid</Name>
				<Type>Grid</Type>
				<FormControlExtension
					i:nil="true" />
				<Controls>
					<AxFormControl xmlns=""
						i:type="AxFormStringControl">
						<Name>RSNewsletterSubscriber_Email</Name>
						<Type>String</Type>
						<FormControlExtension
							i:nil="true" />
						<DataField>Email</DataField>
						<DataSource>RSNewsletterSubscriber</DataSource>
					</AxFormControl>
					<AxFormControl xmlns=""
						i:type="AxFormComboBoxControl">
						<Name>RSNewsletterSubscriber_Status</Name>
						<Type>ComboBox</Type>
						<FormControlExtension
							i:nil="true" />
						<DataField>Status</DataField>
						<DataSource>RSNewsletterSubscriber</DataSource>
						<Items />
					</AxFormControl>
				</Controls>
				<DataSource>RSNewsletterSubscriber</DataSource>
				<Style>Tabular</Style>
			</AxFormControl>
		</Controls>
	</Design>
	<Parts />
</AxForm>