<?xml version="1.0" encoding="utf-8"?>
<AxForm xmlns:i="http://www.w3.org/2001/XMLSchema-instance" xmlns="Microsoft.Dynamics.AX.Metadata.V6">
	<Name>RSOrder</Name>
	<SourceCode>
		<Methods xmlns="">
			<Method>
				<Name>classDeclaration</Name>
				<Source><![CDATA[
[Form]
public class RSOrder extends FormRun
{
}
]]></Source>
			</Method>
		</Methods>
		<DataSources xmlns="">
			<DataSource>
				<Name>RSOrder</Name>
				<Methods>
					<Method>
						<Name>active</Name>
						<Source><![CDATA[
        public int active()
        {
            int ret;
        
            ret = super();

            boolean orderIsCompleted = RSOrder.IsCompleted == RSNoYes::Yes;

            RSOrder_ds.object(fieldNum(RSOrder, CustAccount)).allowEdit(!orderIsCompleted);
            RSOrder_ds.object(fieldNum(RSOrder, IsCompleted)).allowEdit(!orderIsCompleted);
            SaveOrderLine.enabled(!orderIsCompleted);
            NewOrderLine.enabled(!orderIsCompleted);
            DeleteOrderLine.enabled(!orderIsCompleted);
            RSOrderLine_ds.object(fieldNum(RSOrderLine, FoodItem)).allowEdit(!orderIsCompleted);
            RSOrderLine_ds.object(fieldNum(RSOrderLine, PricePerItem)).allowEdit(!orderIsCompleted);
            RSOrderLine_ds.object(fieldNum(RSOrderLine, Quantity)).allowEdit(!orderIsCompleted);
            RSOrderLine_ds.object(fieldNum(RSOrderLine, TotalPrice)).allowEdit(!orderIsCompleted);
        
            return ret;
        }

]]></Source>
					</Method>
				</Methods>
				<Fields />
			</DataSource>
			<DataSource>
				<Name>RSOrderLine</Name>
				<Methods>
					<Method>
						<Name>write</Name>
						<Source><![CDATA[
        public void write()
        {
            super();
            RSOrder_ds.reread();
        }

]]></Source>
					</Method>
					<Method>
						<Name>delete</Name>
						<Source><![CDATA[
        public void delete()
        {
            super();
            RSOrder_ds.reread();
        }

]]></Source>
					</Method>
				</Methods>
				<Fields />
			</DataSource>
		</DataSources>
		<DataControls xmlns="" />
		<Members xmlns="" />
	</SourceCode>
	<AllowPreLoading>No</AllowPreLoading>
	<DataSources>
		<AxFormDataSource xmlns="">
			<Name>RSOrder</Name>
			<Table>RSOrder</Table>
			<Fields>
				<AxFormDataSourceField>
					<DataField>CompletedTime</DataField>
				</AxFormDataSourceField>
				<AxFormDataSourceField>
					<DataField>CreatedTime</DataField>
				</AxFormDataSourceField>
				<AxFormDataSourceField>
					<DataField>CustAccount</DataField>
				</AxFormDataSourceField>
				<AxFormDataSourceField>
					<DataField>DataAreaId</DataField>
				</AxFormDataSourceField>
				<AxFormDataSourceField>
					<DataField>Id</DataField>
				</AxFormDataSourceField>
				<AxFormDataSourceField>
					<DataField>IsCompleted</DataField>
				</AxFormDataSourceField>
				<AxFormDataSourceField>
					<DataField>Partition</DataField>
				</AxFormDataSourceField>
				<AxFormDataSourceField>
					<DataField>RecId</DataField>
				</AxFormDataSourceField>
				<AxFormDataSourceField>
					<DataField>TableId</DataField>
				</AxFormDataSourceField>
			</Fields>
			<ReferencedDataSources />
			<InsertIfEmpty>No</InsertIfEmpty>
			<DataSourceLinks />
			<DerivedDataSources />
		</AxFormDataSource>
		<AxFormDataSource xmlns="">
			<Name>RSOrderLine</Name>
			<Table>RSOrderLine</Table>
			<Fields>
				<AxFormDataSourceField>
					<DataField>DataAreaId</DataField>
				</AxFormDataSourceField>
				<AxFormDataSourceField>
					<DataField>DiscountPercent</DataField>
				</AxFormDataSourceField>
				<AxFormDataSourceField>
					<DataField>FoodItem</DataField>
				</AxFormDataSourceField>
				<AxFormDataSourceField>
					<DataField>OrderId</DataField>
				</AxFormDataSourceField>
				<AxFormDataSourceField>
					<DataField>Partition</DataField>
				</AxFormDataSourceField>
				<AxFormDataSourceField>
					<DataField>PriceAfterDiscount</DataField>
				</AxFormDataSourceField>
				<AxFormDataSourceField>
					<DataField>PricePerItem</DataField>
				</AxFormDataSourceField>
				<AxFormDataSourceField>
					<DataField>Quantity</DataField>
				</AxFormDataSourceField>
				<AxFormDataSourceField>
					<DataField>RecId</DataField>
				</AxFormDataSourceField>
				<AxFormDataSourceField>
					<DataField>TableId</DataField>
				</AxFormDataSourceField>
				<AxFormDataSourceField>
					<DataField>TotalPrice</DataField>
				</AxFormDataSourceField>
			</Fields>
			<ReferencedDataSources>
				<AxFormReferencedDataSource>
					<Name>RSFoodItem</Name>
					<Table>RSFoodItem</Table>
					<Fields>
						<AxFormDataSourceField>
							<DataField>Category</DataField>
						</AxFormDataSourceField>
						<AxFormDataSourceField>
							<DataField>DataAreaId</DataField>
						</AxFormDataSourceField>
						<AxFormDataSourceField>
							<DataField>Description</DataField>
						</AxFormDataSourceField>
						<AxFormDataSourceField>
							<DataField>Id</DataField>
						</AxFormDataSourceField>
						<AxFormDataSourceField>
							<DataField>Name</DataField>
						</AxFormDataSourceField>
						<AxFormDataSourceField>
							<DataField>Partition</DataField>
						</AxFormDataSourceField>
						<AxFormDataSourceField>
							<DataField>Price</DataField>
						</AxFormDataSourceField>
						<AxFormDataSourceField>
							<DataField>RecId</DataField>
						</AxFormDataSourceField>
						<AxFormDataSourceField>
							<DataField>TableId</DataField>
						</AxFormDataSourceField>
					</Fields>
					<ReferencedDataSources />
					<JoinSource>RSOrderLine</JoinSource>
					<LinkType>OuterJoin</LinkType>
					<JoinRelation>RSFoodItem</JoinRelation>
				</AxFormReferencedDataSource>
			</ReferencedDataSources>
			<JoinSource>RSOrder</JoinSource>
			<LinkType>Active</LinkType>
			<InsertIfEmpty>No</InsertIfEmpty>
			<DataSourceLinks />
			<DerivedDataSources />
		</AxFormDataSource>
	</DataSources>
	<Design>
		<Caption xmlns="">@RSLabels:OrderCaption</Caption>
		<DataSource xmlns="">RSOrder</DataSource>
		<Pattern xmlns="">SimpleListDetails</Pattern>
		<PatternVersion xmlns="">1.3</PatternVersion>
		<Style xmlns="">SimpleListDetails</Style>
		<Controls xmlns="">
			<AxFormControl xmlns=""
				i:type="AxFormActionPaneControl">
				<Name>ApplicationBar</Name>
				<Type>ActionPane</Type>
				<FormControlExtension
					i:nil="true" />
				<Controls>
					<AxFormControl xmlns=""
						i:type="AxFormButtonGroupControl">
						<Name>Process</Name>
						<Type>ButtonGroup</Type>
						<FormControlExtension
							i:nil="true" />
						<Controls>
							<AxFormControl xmlns=""
								i:type="AxFormMenuFunctionButtonControl">
								<Name>ProcessOrder</Name>
								<Type>MenuFunctionButton</Type>
								<FormControlExtension
									i:nil="true" />
								<AutoRefreshData>Yes</AutoRefreshData>
								<MenuItemName>RSProcessOrder</MenuItemName>
								<MenuItemType>Action</MenuItemType>
								<NeedsRecord>Yes</NeedsRecord>
							</AxFormControl>
						</Controls>
					</AxFormControl>
					<AxFormControl xmlns=""
						i:type="AxFormButtonGroupControl">
						<Name>Report</Name>
						<Type>ButtonGroup</Type>
						<FormControlExtension
							i:nil="true" />
						<Controls>
							<AxFormControl xmlns=""
								i:type="AxFormMenuFunctionButtonControl">
								<Name>PreviewOrderReport</Name>
								<Type>MenuFunctionButton</Type>
								<FormControlExtension
									i:nil="true" />
								<DataSource>RSOrder</DataSource>
								<MenuItemName>RSOrderReportPreview</MenuItemName>
								<MenuItemType>Output</MenuItemType>
								<NeedsRecord>Yes</NeedsRecord>
							</AxFormControl>
						</Controls>
					</AxFormControl>
				</Controls>
			</AxFormControl>
			<AxFormControl xmlns=""
				i:type="AxFormGroupControl">
				<Name>NavListGroup</Name>
				<HeightMode>SizeToAvailable</HeightMode>
				<Type>Group</Type>
				<FormControlExtension
					i:nil="true" />
				<Controls>
					<AxFormControl>
						<Name>QuickFilter</Name>
						<WidthMode>SizeToAvailable</WidthMode>
						<FormControlExtension>
							<Name>QuickFilterControl</Name>
							<ExtensionComponents />
							<ExtensionProperties>
								<AxFormControlExtensionProperty>
									<Name>targetControlName</Name>
									<Type>String</Type>
								</AxFormControlExtensionProperty>
								<AxFormControlExtensionProperty>
									<Name>placeholderText</Name>
									<Type>String</Type>
								</AxFormControlExtensionProperty>
								<AxFormControlExtensionProperty>
									<Name>defaultColumnName</Name>
									<Type>String</Type>
								</AxFormControlExtensionProperty>
							</ExtensionProperties>
						</FormControlExtension>
					</AxFormControl>
					<AxFormControl xmlns=""
						i:type="AxFormGridControl">
						<Name>NavListGrid</Name>
						<AllowEdit>No</AllowEdit>
						<Type>Grid</Type>
						<WidthMode>SizeToContent</WidthMode>
						<FormControlExtension
							i:nil="true" />
						<Controls>
							<AxFormControl xmlns=""
								i:type="AxFormGroupControl">
								<Name>Title</Name>
								<Type>Group</Type>
								<FormControlExtension
									i:nil="true" />
								<Controls>
									<AxFormControl xmlns=""
										i:type="AxFormStringControl">
										<Name>Title_Id</Name>
										<Type>String</Type>
										<FormControlExtension
											i:nil="true" />
										<DataField>Id</DataField>
										<DataSource>RSOrder</DataSource>
									</AxFormControl>
									<AxFormControl xmlns=""
										i:type="AxFormStringControl">
										<Name>Title_CustAccount</Name>
										<Type>String</Type>
										<FormControlExtension
											i:nil="true" />
										<DataField>CustAccount</DataField>
										<DataSource>RSOrder</DataSource>
									</AxFormControl>
								</Controls>
								<DataGroup>Title</DataGroup>
								<DataSource>RSOrder</DataSource>
							</AxFormControl>
						</Controls>
						<MultiSelect>No</MultiSelect>
						<ShowRowLabels>No</ShowRowLabels>
						<Style>List</Style>
					</AxFormControl>
				</Controls>
				<FrameType>None</FrameType>
				<Style>SidePanel</Style>
			</AxFormControl>
			<AxFormControl xmlns=""
				i:type="AxFormGroupControl">
				<Name>DetailsHeader</Name>
				<Pattern>FieldsFieldGroups</Pattern>
				<PatternVersion>1.1</PatternVersion>
				<Type>Group</Type>
				<WidthMode>SizeToAvailable</WidthMode>
				<FormControlExtension
					i:nil="true" />
				<Controls>
					<AxFormControl xmlns=""
						i:type="AxFormGroupControl">
						<Name>Overview</Name>
						<Type>Group</Type>
						<FormControlExtension
							i:nil="true" />
						<Controls>
							<AxFormControl xmlns=""
								i:type="AxFormStringControl">
								<Name>Overview_Id</Name>
								<Type>String</Type>
								<FormControlExtension
									i:nil="true" />
								<DataField>Id</DataField>
								<DataSource>RSOrder</DataSource>
							</AxFormControl>
							<AxFormControl xmlns=""
								i:type="AxFormStringControl">
								<Name>Overview_CustAccount</Name>
								<Type>String</Type>
								<FormControlExtension
									i:nil="true" />
								<DataField>CustAccount</DataField>
								<DataSource>RSOrder</DataSource>
							</AxFormControl>
							<AxFormControl xmlns=""
								i:type="AxFormDateTimeControl">
								<Name>Overview_CreatedTime</Name>
								<Type>DateTime</Type>
								<FormControlExtension
									i:nil="true" />
								<DataField>CreatedTime</DataField>
								<DataSource>RSOrder</DataSource>
							</AxFormControl>
							<AxFormControl xmlns=""
								i:type="AxFormComboBoxControl">
								<Name>Overview_IsCompleted</Name>
								<Type>ComboBox</Type>
								<FormControlExtension
									i:nil="true" />
								<DataField>IsCompleted</DataField>
								<DataSource>RSOrder</DataSource>
								<Items />
							</AxFormControl>
							<AxFormControl xmlns=""
								i:type="AxFormDateTimeControl">
								<Name>Overview_CompletedTime</Name>
								<Type>DateTime</Type>
								<FormControlExtension
									i:nil="true" />
								<DataField>CompletedTime</DataField>
								<DataSource>RSOrder</DataSource>
							</AxFormControl>
						</Controls>
						<DataGroup>Overview</DataGroup>
						<DataSource>RSOrder</DataSource>
					</AxFormControl>
					<AxFormControl xmlns=""
						i:type="AxFormRealControl">
						<Name>displayTotalPrice</Name>
						<Type>Real</Type>
						<FormControlExtension
							i:nil="true" />
						<DataMethod>displayTotalOrderPrice</DataMethod>
						<DataSource>RSOrder</DataSource>
					</AxFormControl>
				</Controls>
				<ColumnsMode>Fill</ColumnsMode>
				<FrameType>None</FrameType>
			</AxFormControl>
			<AxFormControl xmlns=""
				i:type="AxFormTabControl">
				<Name>DetailsTabPages</Name>
				<Type>Tab</Type>
				<FormControlExtension
					i:nil="true" />
				<Controls>
					<AxFormControl xmlns=""
						i:type="AxFormTabPageControl">
						<Name>OrderLines</Name>
						<Pattern>ToolbarList</Pattern>
						<PatternVersion>1.2</PatternVersion>
						<Type>TabPage</Type>
						<FormControlExtension
							i:nil="true" />
						<Controls>
							<AxFormControl xmlns=""
								i:type="AxFormActionPaneControl">
								<Name>OrderLinesToolbar</Name>
								<Type>ActionPane</Type>
								<FormControlExtension
									i:nil="true" />
								<Controls>
									<AxFormControl xmlns=""
										i:type="AxFormButtonGroupControl">
										<Name>OrderLinesButtonGroup</Name>
										<Type>ButtonGroup</Type>
										<FormControlExtension
											i:nil="true" />
										<Controls>
											<AxFormControl xmlns=""
												i:type="AxFormCommandButtonControl">
												<Name>SaveOrderLine</Name>
												<AutoDeclaration>Yes</AutoDeclaration>
												<Type>CommandButton</Type>
												<FormControlExtension
													i:nil="true" />
												<Command>Save</Command>
												<NeedsRecord>Yes</NeedsRecord>
											</AxFormControl>
											<AxFormControl xmlns=""
												i:type="AxFormCommandButtonControl">
												<Name>NewOrderLine</Name>
												<AutoDeclaration>Yes</AutoDeclaration>
												<Type>CommandButton</Type>
												<FormControlExtension
													i:nil="true" />
												<Command>New</Command>
												<NeedsRecord>Yes</NeedsRecord>
											</AxFormControl>
											<AxFormControl xmlns=""
												i:type="AxFormCommandButtonControl">
												<Name>DeleteOrderLine</Name>
												<AutoDeclaration>Yes</AutoDeclaration>
												<Type>CommandButton</Type>
												<FormControlExtension
													i:nil="true" />
												<Command>DeleteRecord</Command>
												<NeedsRecord>Yes</NeedsRecord>
											</AxFormControl>
										</Controls>
									</AxFormControl>
								</Controls>
								<Style>Strip</Style>
							</AxFormControl>
							<AxFormControl xmlns=""
								i:type="AxFormGridControl">
								<Name>OrderLinesGrid</Name>
								<Type>Grid</Type>
								<FormControlExtension
									i:nil="true" />
								<Controls>
									<AxFormControl xmlns=""
										i:type="AxFormReferenceGroupControl">
										<Name>RSOrderLine_FoodItem</Name>
										<Type>ReferenceGroup</Type>
										<FormControlExtension
											i:nil="true" />
										<Controls />
										<DataSource>RSOrderLine</DataSource>
										<ReferenceField>FoodItem</ReferenceField>
									</AxFormControl>
									<AxFormControl xmlns=""
										i:type="AxFormStringControl">
										<Name>RSFoodItem_Name</Name>
										<Type>String</Type>
										<FormControlExtension
											i:nil="true" />
										<DataField>Name</DataField>
										<DataSource>RSFoodItem</DataSource>
									</AxFormControl>
									<AxFormControl xmlns=""
										i:type="AxFormRealControl">
										<Name>RSOrderLine_PricePerItem</Name>
										<Type>Real</Type>
										<FormControlExtension
											i:nil="true" />
										<DataField>PricePerItem</DataField>
										<DataSource>RSOrderLine</DataSource>
									</AxFormControl>
									<AxFormControl xmlns=""
										i:type="AxFormRealControl">
										<Name>RSOrderLine_Quantity</Name>
										<Type>Real</Type>
										<FormControlExtension
											i:nil="true" />
										<DataField>Quantity</DataField>
										<DataSource>RSOrderLine</DataSource>
									</AxFormControl>
									<AxFormControl xmlns=""
										i:type="AxFormRealControl">
										<Name>RSOrderLine_TotalPrice</Name>
										<Type>Real</Type>
										<FormControlExtension
											i:nil="true" />
										<DataField>TotalPrice</DataField>
										<DataSource>RSOrderLine</DataSource>
									</AxFormControl>
								</Controls>
								<DataSource>RSOrderLine</DataSource>
							</AxFormControl>
						</Controls>
						<Caption>@RSLabels:OrderLinesCaption</Caption>
						<DataSource>RSOrderLine</DataSource>
					</AxFormControl>
				</Controls>
				<Style>FastTabs</Style>
			</AxFormControl>
		</Controls>
	</Design>
	<Parts />
</AxForm>