<?xml version="1.0" encoding="utf-8"?>
<z:anyType xmlns:i="http://www.w3.org/2001/XMLSchema-instance" xmlns=""
	i:type="AxPropertyCollection" xmlns:z="http://schemas.microsoft.com/2003/10/Serialization/">
	<Methods>
		<Method>
			<Name>initValue</Name>
			<Visibility>Public</Visibility>
			<ReturnType>
				<Tags></Tags>
				<TypeName></TypeName>
			</ReturnType>
		</Method>
		<Method>
			<Name>generateOrderId</Name>
			<ReturnType>
				<Tags></Tags>
				<TypeName></TypeName>
			</ReturnType>
		</Method>
		<Method>
			<Name>modifiedField</Name>
			<Visibility>Public</Visibility>
			<Parameters>
				<AxMethodParameter>
					<Tags></Tags>
					<Type>ExtendedDataType</Type>
					<TypeName>FieldId</TypeName>
					<Name>_fieldId</Name>
				</AxMethodParameter>
			</Parameters>
			<ReturnType>
				<Tags></Tags>
				<TypeName></TypeName>
			</ReturnType>
		</Method>
		<Method>
			<Name>changeCompletedTime</Name>
			<ReturnType>
				<Tags></Tags>
				<TypeName></TypeName>
			</ReturnType>
		</Method>
		<Method>
			<Name>displayTotalOrderPrice</Name>
			<IsDisplay>true</IsDisplay>
			<Visibility>Public</Visibility>
			<ReturnType>
				<Tags></Tags>
				<Type>ExtendedDataType</Type>
				<TypeName>Price</TypeName>
			</ReturnType>
		</Method>
		<Method>
			<Name>find</Name>
			<IsStatic>true</IsStatic>
			<Visibility>Public</Visibility>
			<Parameters>
				<AxMethodParameter>
					<Tags></Tags>
					<Type>ExtendedDataType</Type>
					<TypeName>RSOrderRefRecId</TypeName>
					<Name>_orderId</Name>
				</AxMethodParameter>
				<AxMethodParameter>
					<Tags></Tags>
					<Type>Enum</Type>
					<TypeName>boolean</TypeName>
					<DefaultValue>false</DefaultValue>
					<Name>_forUpdate</Name>
				</AxMethodParameter>
			</Parameters>
			<ReturnType>
				<Tags></Tags>
				<Type>Record</Type>
				<TypeName>RSOrder</TypeName>
			</ReturnType>
		</Method>
	</Methods>
</z:anyType>