<?xml version="1.0" encoding="utf-8"?>
<AxClass xmlns:i="http://www.w3.org/2001/XMLSchema-instance">
	<Name>RSInviteUserToNewsletter</Name>
	<SourceCode>
		<Declaration><![CDATA[
public class RSInviteUserToNewsletter extends RunBase
{
    Email email;
    DialogField emailField;

}
]]></Declaration>
		<Methods>
			<Method>
				<Name>dialog</Name>
				<Source><![CDATA[
    public Object dialog() 
    {
        DialogRunbase dialog;

        dialog = super();

        emailField = dialog.addFieldValue(extendedTypeStr(Email), "");

        return dialog;
    }

]]></Source>
			</Method>
			<Method>
				<Name>getFromDialog</Name>
				<Source><![CDATA[
    public boolean getFromDialog()
    {
        email = emailField.value();

        return true;
    }

]]></Source>
			</Method>
			<Method>
				<Name>run</Name>
				<Source><![CDATA[
    public void run()
    {
        if (RSNewsletterSubscriber::exists(email)) 
        {
            error(strFmt("The user %1 already exists is already subscribed to the newsletter.", email));
            return;
        }

        RSNewsletterSubscriber newsletterSub;
        newsletterSub.Email = email;
        newsletterSub.Status = RSNewsletterAcceptanceStatus::Pending;
        newsletterSub.insert();

        info(strFmt("Invite sent to user %1, awaiting their response."));

        if (BusinessEventsConfigurationReader::isBusinessEventEnabled(classStr(RSNewsletterUserInvitedBusinessEvent)))
        {
            RSNewsletterUserInvitedBusinessEvent::newFromEmail(email).send();
            info("DEBUG: Business event sent");
        }
    }

]]></Source>
			</Method>
			<Method>
				<Name>construct</Name>
				<Source><![CDATA[
    public static RSInviteUserToNewsletter construct() 
    {
        return new RSInviteUserToNewsletter();
    }

]]></Source>
			</Method>
			<Method>
				<Name>description</Name>
				<Source><![CDATA[
    public client server static ClassDescription description()
    {
        return "Invite user to newsletter";
    }

]]></Source>
			</Method>
			<Method>
				<Name>main</Name>
				<Source><![CDATA[
    public static server void main(Args _args)
    {
        RSInviteUserToNewsletter runbase = RSInviteUserToNewsletter::construct();
        if (runbase.prompt()) 
        {
            runbase.runOperation();
        }
    }

]]></Source>
			</Method>
			<Method>
				<Name>canRunInNewSession</Name>
				<Source><![CDATA[
    protected boolean canRunInNewSession() 
    {
        return false;
    }

]]></Source>
			</Method>
		</Methods>
	</SourceCode>
</AxClass>