<?xml version="1.0" encoding="utf-8"?>
<AxClass xmlns:i="http://www.w3.org/2001/XMLSchema-instance">
	<Name>RSNewsletterService</Name>
	<SourceCode>
		<Declaration><![CDATA[
public class RSNewsletterService
{
}
]]></Declaration>
		<Methods>
			<Method>
				<Name>acceptInvitation</Name>
				<Source><![CDATA[
    public Newtonsoft.Json.Linq.JObject acceptInvitation(Email email) 
    {
        Newtonsoft.Json.Linq.JObject response = new Newtonsoft.Json.Linq.JObject();

        if (!RSNewsletterSubscriber::exists(email)) 
        {
            response.Add('status', new Newtonsoft.Json.Linq.JValue("404"));
            response.Add('message', new Newtonsoft.Json.Linq.JValue(strFmt("User %1 does not exist.", email)));
            return response;
        }
        
        RSNewsletterSubscriber newsletterSub;
        newsletterSub = RSNewsletterSubscriber::find(email, true);

        if (newsletterSub.Status == RSNewsletterAcceptanceStatus::Accepted) 
        {
            response.Add('status', new Newtonsoft.Json.Linq.JValue("400"));
            response.Add('message', new Newtonsoft.Json.Linq.JValue(strFmt("User %1 has already accepted the ivitation.", email)));
            return response;
        }

        if (newsletterSub.Status == RSNewsletterAcceptanceStatus::Declined)
        {
            response.Add('status', new Newtonsoft.Json.Linq.JValue("400"));
            response.Add('message', new Newtonsoft.Json.Linq.JValue(strFmt("User %1 has already declined the invitation.", email)));
            return response;
        }

        ttsbegin;
        newsletterSub.Status = RSNewsletterAcceptanceStatus::Accepted;
        newsletterSub.update();
        ttscommit;

        response.Add('status', new Newtonsoft.Json.Linq.JValue("200"));
        response.Add('message', new Newtonsoft.Json.Linq.JValue(strFmt("User %1 has been added to the newsletter.", email)));
        return response;
    }

]]></Source>
			</Method>
			<Method>
				<Name>declineInvitation</Name>
				<Source><![CDATA[
    public Newtonsoft.Json.Linq.JObject declineInvitation(Email email)
    {
        Newtonsoft.Json.Linq.JObject response = new Newtonsoft.Json.Linq.JObject();

        if (!RSNewsletterSubscriber::exists(email))
        {
            response.Add('status', new Newtonsoft.Json.Linq.JValue("404"));
            response.Add('message', new Newtonsoft.Json.Linq.JValue(strFmt("User %1 does not exist.", email)));
            return response;
        }
        
        RSNewsletterSubscriber newsletterSub;
        newsletterSub = RSNewsletterSubscriber::find(email, true);

        if (newsletterSub.Status == RSNewsletterAcceptanceStatus::Accepted)
        {
            response.Add('status', new Newtonsoft.Json.Linq.JValue("400"));
            response.Add('message', new Newtonsoft.Json.Linq.JValue(strFmt("User %1 has already accepted the ivitation.", email)));
            return response;
        }

        if (newsletterSub.Status == RSNewsletterAcceptanceStatus::Declined)
        {
            response.Add('status', new Newtonsoft.Json.Linq.JValue("400"));
            response.Add('message', new Newtonsoft.Json.Linq.JValue(strFmt("User %1 has already declined the invitation.", email)));
            return response;
        }

        ttsbegin;
        newsletterSub.Status = RSNewsletterAcceptanceStatus::Declined;
        newsletterSub.update();
        ttscommit;

        response.Add('status', new Newtonsoft.Json.Linq.JValue("200"));
        response.Add('message', new Newtonsoft.Json.Linq.JValue(strFmt("User %1 has declined the newsletter invitation.", email)));
        return response;
    }

]]></Source>
			</Method>
		</Methods>
	</SourceCode>
</AxClass>