<?xml version="1.0" encoding="utf-8"?>
<AxClass xmlns:i="http://www.w3.org/2001/XMLSchema-instance">
	<Name>RSNewsletterUserInvitedBusinessEvent</Name>
	<SourceCode>
		<Declaration><![CDATA[
[BusinessEvents(classStr(RSNewsletterUserInvitedBusinessEventContract), "User invited to newsletter", "This business event is triggered when a user is invited to the newsletter", ModuleAxapta::AccountsReceivable)]
public class RSNewsletterUserInvitedBusinessEvent extends BusinessEventsBase
{
    private Email email;

}
]]></Declaration>
		<Methods>
			<Method>
				<Name>newFromEmail</Name>
				<Source><![CDATA[
    public static RSNewsletterUserInvitedBusinessEvent newFromEmail(Email _email)
    {
        RSNewsletterUserInvitedBusinessEvent businessEvent = new RSNewsletterUserInvitedBusinessEvent();
        businessEvent.parmEmail(_email);
        return businessEvent;
    }

]]></Source>
			</Method>
			<Method>
				<Name>parmEmail</Name>
				<Source><![CDATA[
    private Email parmEmail(Email _email = email)
    {
        email = _email;
        return email;
    }

]]></Source>
			</Method>
			<Method>
				<Name>buildContract</Name>
				<Source><![CDATA[
    [Wrappable(false), Replaceable(false)]
    public BusinessEventsContract buildContract()
    {
        return RSNewsletterUserInvitedBusinessEventContract::newFromEmail(email);
    }

]]></Source>
			</Method>
		</Methods>
	</SourceCode>
</AxClass>