<?xml version="1.0" encoding="utf-8"?>
<AxClass xmlns:i="http://www.w3.org/2001/XMLSchema-instance">
	<Name>RSNewsletterUserInvitedBusinessEventContract</Name>
	<SourceCode>
		<Declaration><![CDATA[
[DataContract]
public class RSNewsletterUserInvitedBusinessEventContract extends BusinessEventsContract
{
    private Email email;

}
]]></Declaration>
		<Methods>
			<Method>
				<Name>initialize</Name>
				<Source><![CDATA[
    protected void initialize(Email _email) 
    {
        email = _email;
    }

]]></Source>
			</Method>
			<Method>
				<Name>newFromEmail</Name>
				<Source><![CDATA[
    public static RSNewsletterUserInvitedBusinessEventContract newFromEmail(Email email)
    {
        RSNewsletterUserInvitedBusinessEventContract contract = new RSNewsletterUserInvitedBusinessEventContract();
        contract.initialize(email);
        return contract;
    }

]]></Source>
			</Method>
			<Method>
				<Name>parmEmail</Name>
				<Source><![CDATA[
    [DataMember("Email"), BusinessEventsDataMember("Email")]
    public Email parmEmail(Email _email = email)
    {
        email = _email;
        return email;
    }

]]></Source>
			</Method>
		</Methods>
	</SourceCode>
</AxClass>