<?xml version="1.0" encoding="utf-8"?>
<AxClass xmlns:i="http://www.w3.org/2001/XMLSchema-instance">
	<Name>RSOrderCustomService</Name>
	<SourceCode>
		<Declaration><![CDATA[
public class RSOrderCustomService
{
}
]]></Declaration>
		<Methods>
			<Method>
				<Name>createOrderWithLines</Name>
				<Source><![CDATA[
    public RSOrderCustomServiceResponse createOrderWithLines(RSOrderCustomServiceRequest request)
    {
        RSOrder rsOrder;
        RSOrderCustomServiceResponse response = new RSOrderCustomServiceResponse();
        
        rsOrder.initValue();

        rsOrder.CustAccount = request.parmOrderHeader().parmCustomer();

        if (!CustTable::exist(rsOrder.CustAccount)) 
        {
            response.parmInfoMessage(strFmt("Customer %1 does not exist.", rsOrder.CustAccount));
            response.parmStatus(400);
            return response;
        }

        if (!rsOrder.validateWrite()) 
        {
            response.parmInfoMessage("Order validation failed.");
            response.parmStatus(400);
            return response;
        }

        ttsbegin;
        rsOrder.insert();

        ListIterator iterator = new ListIterator(request.parmOrderLines());
        int i = 1;

        while (iterator.more()) 
        {
            RSOrderCustomServiceRequestLine line = iterator.value();
            this.createLine(rsOrder.RecId, line, i);
            i++;
            iterator.next();
        }

        ttscommit;

        response = this.generateCreationResponse(rsOrder);

        return response;
    }

]]></Source>
			</Method>
			<Method>
				<Name>generateCreationResponse</Name>
				<Source><![CDATA[
    private RSOrderCustomServiceResponse generateCreationResponse(RSOrder rsOrder) 
    {
        RSOrderCustomServiceResponse response = new RSOrderCustomServiceResponse();

        response.parmInfoMessage("Order created");
        response.parmStatus(201);
        
        RSOrderCustomServiceResponseHeader header = new RSOrderCustomServiceResponseHeader();
        header.parmId(rsOrder.Id);
        header.parmSalesId(rsOrder.SalesId);
        header.parmCustomer(rsOrder.CustAccount);
        header.parmCreatedTime(rsOrder.CreatedTime);
        header.parmIsCompleted(rsOrder.IsCompleted);
        header.parmCompletedTime(rsOrder.CompletedTime);
        header.parmDataAreaId(rsOrder.DataAreaId);
        header.parmTotalPrice(rsOrder.displayTotalOrderPrice());
        response.parmOrderHeader(header);

        List lines = new List(Types::Class);
        RSOrderLine rsOrderLine;
        RSFoodItem rsFoodItem;
        while select rsOrderLine where rsOrderLine.OrderId == rsOrder.RecId
        {
            select rsFoodItem where rsFoodItem.RecId == rsOrderLine.FoodItem;
            RSOrderCustomServiceResponseLine line = new RSOrderCustomServiceResponseLine();
            line.parmLineNumber(RSOrderLine.lineNumber);
            line.parmFoodItemName(rsFoodItem.Name);
            line.parmPricePerItem(rsOrderLine.PricePerItem);
            line.parmDiscountPercent(rsOrderLine.DiscountPercent);
            line.parmDiscountPerItem(rsOrderLine.DiscountPerItem);
            line.parmPriceAfterDiscount(rsOrderLine.PriceAfterDiscount);
            line.parmQuantity(rsOrderLine.Quantity);
            line.parmTotalPrice(rsOrderLine.TotalPrice);
            lines.addEnd(line);
        }

        response.parmOrderLines(lines);

        return response;
    }

]]></Source>
			</Method>
			<Method>
				<Name>createLine</Name>
				<Source><![CDATA[
    private void createLine(RecId orderRecId, RSOrderCustomServiceRequestLine line, int lineNumber) 
    {
        RSOrderLine rsOrderLine;

        rsOrderLine.initValue();

        rsOrderLine.OrderId = orderRecId;
        rsOrderLine.LineNumber = lineNumber;
        rsOrderLine.FoodItem = line.parmFoodItemId();
        rsOrderLine.Quantity = line.parmQuantity();

        rsOrderLine.modifiedField(fieldNum(RSOrderLine, FoodItem));
        rsOrderLine.modifiedField(fieldNum(RSOrderLine, Quantity));

        if (rsOrderLine.validateWrite())
        {
            rsOrderLine.insert();
        }
        else
        {
            throw error("Order line validation failed.");
        }
    }

]]></Source>
			</Method>
		</Methods>
	</SourceCode>
</AxClass>