<?xml version="1.0" encoding="utf-8"?>
<AxClass xmlns:i="http://www.w3.org/2001/XMLSchema-instance">
	<Name>RSOrderCustomServiceResponse</Name>
	<SourceCode>
		<Declaration><![CDATA[
[DataContract]
class RSOrderCustomServiceResponse
{
    private int status;
    private str infoMessage;
    private RSOrderCustomServiceResponseHeader orderHeader;
    private List orderLines;

}
]]></Declaration>
		<Methods>
			<Method>
				<Name>parmStatus</Name>
				<Source><![CDATA[
    [DataMember("Status")]
    public int parmStatus(int _status = status) 
    {
        status = _status;
        return status;
    }

]]></Source>
			</Method>
			<Method>
				<Name>parmInfoMessage</Name>
				<Source><![CDATA[
    [DataMember("InfoMessage")]
    public str parmInfoMessage(str _infoMessage = infoMessage)
    {
        infoMessage = _infoMessage;
        return infoMessage;
    }

]]></Source>
			</Method>
			<Method>
				<Name>parmOrderHeader</Name>
				<Source><![CDATA[
    [DataMember("Order")]
    public RSOrderCustomServiceResponseHeader parmOrderHeader(RSOrderCustomServiceResponseHeader _orderHeader = orderHeader)
    {
        orderHeader = _orderHeader;
        return orderHeader;
    }

]]></Source>
			</Method>
			<Method>
				<Name>parmOrderLines</Name>
				<Source><![CDATA[
    [DataMember("Lines"),
        DataCollection(Types::Class, classStr(RSOrderCustomServiceResponseLine)),
        AifCollectionType('_orderLines', Types::Class, classStr(RSOrderCustomServiceResponseLine)),
        AifCollectionType('return', Types::Class, classStr(RSOrderCustomServiceResponseLine))
    ]
    public List parmOrderLines(List _orderLines = orderLines)
    {
        orderLines = _orderLines;
        return orderLines;
    }

]]></Source>
			</Method>
		</Methods>
	</SourceCode>
</AxClass>