<?xml version="1.0" encoding="utf-8"?>
<AxClass xmlns:i="http://www.w3.org/2001/XMLSchema-instance">
	<Name>RSOrderCustomServiceRequestLine</Name>
	<SourceCode>
		<Declaration><![CDATA[
[DataContract]
class RSOrderCustomServiceRequestLine
{
    private RSFoodItemRefRecId foodItemId;
    private MCRQuantity quantity;

}
]]></Declaration>
		<Methods>
			<Method>
				<Name>parmFoodItemId</Name>
				<Source><![CDATA[
    [DataMember("FoodItemId")]
    public RSFoodItemRefRecId parmFoodItemId(RSFoodItemRefRecId _foodItemId = foodItemId)
    {
        foodItemId = _foodItemId;
        return foodItemId;
    }

]]></Source>
			</Method>
			<Method>
				<Name>parmQuantity</Name>
				<Source><![CDATA[
    [DataMember("Quantity")]
    public MCRQuantity parmQuantity(MCRQuantity _quantity = quantity) 
    {
        quantity = _quantity;
        return quantity;
    }

]]></Source>
			</Method>
		</Methods>
	</SourceCode>
</AxClass>