<?xml version="1.0" encoding="utf-8"?>
<AxClass xmlns:i="http://www.w3.org/2001/XMLSchema-instance">
	<Name>RSOrderCustomServiceResponseHeader</Name>
	<SourceCode>
		<Declaration><![CDATA[
[DataContract]
class RSOrderCustomServiceResponseHeader
{
    private RSOrderId id;
    private SalesId salesId;
    private CustAccount customer;
    private RSOrderCreatedDateTime createdTime;
    private RSNoYes isCompleted;
    private RSOrderCompletedDateTime completedTime;
    private DataAreaId dataAreaId;
    private Price totalPrice;

}
]]></Declaration>
		<Methods>
			<Method>
				<Name>parmId</Name>
				<Source><![CDATA[
    [DataMember("Id")]
    public RSOrderId parmId(RSOrderId _id = id)
    {
        id = _id;
        return id;
    }

]]></Source>
			</Method>
			<Method>
				<Name>parmSalesId</Name>
				<Source><![CDATA[
    [DataMember("SalesId")]
    public SalesId parmSalesId(SalesId _salesId = salesId)
    {
        salesId = _salesId;
        return salesId;
    }

]]></Source>
			</Method>
			<Method>
				<Name>parmCustomer</Name>
				<Source><![CDATA[
    [DataMember("Customer")]
    public CustAccount parmCustomer(CustAccount _customer = customer)
    {
        customer = _customer;
        return customer;
    }

]]></Source>
			</Method>
			<Method>
				<Name>parmCreatedTime</Name>
				<Source><![CDATA[
    [DataMember("CreatedTime")]
    public RSOrderCreatedDateTime parmCreatedTime(RSOrderCreatedDateTime _createdTime = createdTime)
    {
        createdTime = _createdTime;
        return createdTime;
    }

]]></Source>
			</Method>
			<Method>
				<Name>parmIsCompleted</Name>
				<Source><![CDATA[
    [DataMember("IsCompleted")]
    public RSNoYes parmIsCompleted(RSNoYes _isCompleted = isCompleted)
    {
        isCompleted = _isCompleted;
        return isCompleted;
    }

]]></Source>
			</Method>
			<Method>
				<Name>parmCompletedTime</Name>
				<Source><![CDATA[
    [DataMember("CompletedTime")]
    public RSOrderCompletedDateTime parmCompletedTime(RSOrderCompletedDateTime _completedTime = completedTime)
    {
        completedTime = _completedTime;
        return completedTime;
    }

]]></Source>
			</Method>
			<Method>
				<Name>parmDataAreaId</Name>
				<Source><![CDATA[
    [DataMember("DataAreaId")]
    public DataAreaId parmDataAreaId(DataAreaId _dataAreaId = dataAreaId)
    {
        dataAreaId = _dataAreaId;
        return dataAreaId;
    }

]]></Source>
			</Method>
			<Method>
				<Name>parmTotalPrice</Name>
				<Source><![CDATA[
    [DataMember("TotalPrice")]
    public Price parmTotalPrice(Price _totalPrice = totalPrice) 
    {
        totalPrice = _totalPrice;
        return totalPrice;
    }

]]></Source>
			</Method>
		</Methods>
	</SourceCode>
</AxClass>