<?xml version="1.0" encoding="utf-8"?>
<AxClass xmlns:i="http://www.w3.org/2001/XMLSchema-instance">
	<Name>RSOrderReportDataProvider</Name>
	<SourceCode>
		<Declaration><![CDATA[
[SRSReportParameterAttribute(classStr(RSOrderReportContract))]
public class RSOrderReportDataProvider extends SRSReportDataProviderBase
{
    private RSOrderReportHeader rsOrderReportHeader;
    private RSOrderReportLine rsOrderReportLine;

}
]]></Declaration>
		<Methods>
			<Method>
				<Name>getRsOrderReportHeader</Name>
				<Source><![CDATA[
    [SrsReportDataSet(tablestr(RSOrderReportHeader))]
    public RSOrderReportHeader getRsOrderReportHeader()
    {
        select rsOrderReportHeader;
        return rsOrderReportHeader;
    }

]]></Source>
			</Method>
			<Method>
				<Name>getRsOrderReportLine</Name>
				<Source><![CDATA[
    [SrsReportDataSet(tablestr(RSOrderReportLine))]
    public RSOrderReportLine getRsOrderReportLine()
    {
        select rsOrderReportLine;
        return rsOrderReportLine;
    }

]]></Source>
			</Method>
			<Method>
				<Name>processReport</Name>
				<Source><![CDATA[
    public void processReport()
    {
        RSOrder rsOrder;
        RSOrderReportContract contract = this.parmDataContract() as RSOrderReportContract;
        
        rsOrder = RSOrder::find(contract.parmOrderId());

        if (!rsOrder) 
        {
            return;
        }

        this.populateReportHeader(rsOrder);
        this.populateReportLine(rsOrder);
    }

]]></Source>
			</Method>
			<Method>
				<Name>populateReportHeader</Name>
				<Source><![CDATA[
    private void populateReportHeader(RSOrder rsOrder)
    {
        delete_from rsOrderReportHeader;

        rsOrderReportHeader.Id = rsOrder.Id;
        rsOrderReportHeader.SalesId = rsOrder.SalesId;
        rsOrderReportHeader.CustAccount = rsOrder.CustAccount;
        rsOrderReportHeader.CreatedTime = rsOrder.CreatedTime;
        rsOrderReportHeader.IsCompleted = rsOrder.IsCompleted;
        rsOrderReportHeader.CompletedTime = rsOrder.CompletedTime;

        rsOrderReportHeader.insert();
    }

]]></Source>
			</Method>
			<Method>
				<Name>populateReportLine</Name>
				<Source><![CDATA[
    private void populateReportLine(RSOrder rsOrder) 
    {
        delete_from rsOrderReportLine;

        RSOrderLine rsOrderLine;
        RSFoodItem rsFoodItem;
        int i = 1;

        while select rsOrderLine
            where rsOrderLine.OrderId == rsOrder.RecId 
        {
            rsOrderReportLine.OrderId = rsOrderLine.OrderId;
            rsOrderReportLine.LineNumber = i;
            rsOrderReportLine.FoodItem = rsOrderLine.FoodItem;
            rsOrderReportLine.PricePerItem = rsOrderLine.PricePerItem;
            rsOrderReportLine.DiscountPercent = rsOrderLine.DiscountPercent;
            rsOrderReportLine.DiscountPerItem = rsOrderLine.DiscountPerItem;
            rsOrderReportLine.PriceAfterDiscount = rsOrderLine.PriceAfterDiscount;
            rsOrderReportLine.Quantity = rsOrderLine.Quantity;
            rsOrderReportLine.TotalPrice = rsOrderLine.TotalPrice;
            
            select rsFoodItem where rsFoodItem.RecId == rsOrderLine.FoodItem;
            
            rsOrderReportLine.FoodItemName = rsFoodItem.Name;

            i++;

            rsOrderReportLine.insert();
        }
    }

]]></Source>
			</Method>
		</Methods>
	</SourceCode>
</AxClass>