<?xml version="1.0" encoding="utf-8"?>
<AxClass xmlns:i="http://www.w3.org/2001/XMLSchema-instance">
	<Name>RSOrderCustomServiceRequest</Name>
	<SourceCode>
		<Declaration><![CDATA[
[DataContract]
class RSOrderCustomServiceRequest
{
    private RSOrderCustomServiceRequestHeader orderHeader;
    private List orderLines;

}
]]></Declaration>
		<Methods>
			<Method>
				<Name>parmOrderHeader</Name>
				<Source><![CDATA[
    [DataMember("Order")]
    public RSOrderCustomServiceRequestHeader parmOrderHeader(RSOrderCustomServiceRequestHeader _orderHeader = orderHeader)
    {
        orderHeader = _orderHeader;
        return orderHeader;
    }

]]></Source>
			</Method>
			<Method>
				<Name>parmOrderLines</Name>
				<Source><![CDATA[
    [DataMember("Lines"),
        DataCollection(Types::Class, classStr(RSOrderCustomServiceRequestLine)),
        AifCollectionType('_orderLines', Types::Class, classStr(RSOrderCustomServiceRequestLine)),
        AifCollectionType('return', Types::Class, classStr(RSOrderCustomServiceRequestLine))
    ]
    public List parmOrderLines(List _orderLines = orderLines) 
    {
        orderLines = _orderLines;
        return orderLines;
    }

]]></Source>
			</Method>
		</Methods>
	</SourceCode>
</AxClass>