<?xml version="1.0" encoding="utf-8"?>
<AxClass xmlns:i="http://www.w3.org/2001/XMLSchema-instance">
	<Name>RSOrderProcessedBusinessEvent</Name>
	<SourceCode>
		<Declaration><![CDATA[
[BusinessEvents(classStr(RSOrderProcessedBusinessEventContract), "Restaurant order processed", "This business event is triggered when a restaurant order is processed", ModuleAxapta::AccountsReceivable)]
public class RSOrderProcessedBusinessEvent extends BusinessEventsBase
{
    private RSOrder rsOrder;

}
]]></Declaration>
		<Methods>
			<Method>
				<Name>newFromOrder</Name>
				<Source><![CDATA[
    public static RSOrderProcessedBusinessEvent newFromOrder(RSOrder _rsOrder) 
    {
        RSOrderProcessedBusinessEvent businessEvent = new RSOrderProcessedBusinessEvent();
        businessEvent.parmOrder(_rsOrder);
        return businessEvent;
    }

]]></Source>
			</Method>
			<Method>
				<Name>new</Name>
				<Source><![CDATA[
    private void new() {}

]]></Source>
			</Method>
			<Method>
				<Name>parmOrder</Name>
				<Source><![CDATA[
    private RSOrder parmOrder(RSOrder _rsOrder = rsOrder) 
    {
        rsOrder = _rsOrder;
        return rsOrder;
    }

]]></Source>
			</Method>
			<Method>
				<Name>buildContract</Name>
				<Source><![CDATA[
    [Wrappable(false), Replaceable(false)]
    public BusinessEventsContract buildContract()
    {
        return RSOrderProcessedBusinessEventContract::newFromOrder(rsOrder);
    }

]]></Source>
			</Method>
		</Methods>
	</SourceCode>
</AxClass>