<?xml version="1.0" encoding="utf-8"?>
<AxClass xmlns:i="http://www.w3.org/2001/XMLSchema-instance">
	<Name>RSOrderReportController</Name>
	<SourceCode>
		<Declaration><![CDATA[
public class RSOrderReportController extends SrsReportRunController
{
}
]]></Declaration>
		<Methods>
			<Method>
				<Name>construct</Name>
				<Source><![CDATA[
    public static RSOrderReportController construct() 
    {
        return new RSOrderReportController();
    }

]]></Source>
			</Method>
			<Method>
				<Name>main</Name>
				<Source><![CDATA[
    public static void main(Args _args) 
    {
        RSOrderReportController controller = RSOrderReportController::construct();
        controller.parmReportName(ssrsReportStr(RSOrderReport, Report));
        controller.parmArgs(_args);
        controller.parmDialogCaption("Order Report");
        controller.startOperation();
    }

]]></Source>
			</Method>
			<Method>
				<Name>prePromptModifyContract</Name>
				<Source><![CDATA[
    protected void prePromptModifyContract()
    {
        RSOrderReportContract contract = this.parmReportContract().parmRdpContract();

        contract.parmOrderId(args.record().RecId);
        
        this.parmReportContract().parmReportName(ssrsReportStr(RSOrderReport, Report));

        boolean isPreview = args.menuItemName() == menuItemOutputStr(RSOrderReportPreview);

        if (isPreview)
        {
            this.parmReportContract().parmPrintSettings().printMediumType(SRSPrintMediumType::Screen);
        }

        this.parmShowDialog(!isPreview);
        this.parmLoadFromSysLastValue(!isPreview);
    }

]]></Source>
			</Method>
		</Methods>
	</SourceCode>
</AxClass>