<?xml version="1.0" encoding="utf-8"?>
<AxClass xmlns:i="http://www.w3.org/2001/XMLSchema-instance">
	<Name>RSOrderProcessedBusinessEventContract</Name>
	<SourceCode>
		<Declaration><![CDATA[
[DataContract]
public class RSOrderProcessedBusinessEventContract extends BusinessEventsContract
{
    private RSOrderId orderId;
    private SalesId salesId;
    private AccountNum customer;
    private RSOrderCreatedDateTime createdTime;
    private RSNoYes isCompleted;
    private RSOrderCompletedDateTime completedTime;
    private LegalEntityDataAreaId dataAreaId;

}
]]></Declaration>
		<Methods>
			<Method>
				<Name>initialize</Name>
				<Source><![CDATA[
    protected void initialize(RSOrder rsOrder) 
    {
        orderId = rsOrder.Id;
        salesId = rsOrder.SalesId;
        customer = rsOrder.CustAccount;
        createdTime = rsOrder.CreatedTime;
        isCompleted = rsOrder.IsCompleted;
        completedTime = rsOrder.CompletedTime;
        dataAreaId = rsOrder.DataAreaId;
    }

]]></Source>
			</Method>
			<Method>
				<Name>newFromOrder</Name>
				<Source><![CDATA[
    public static RSOrderProcessedBusinessEventContract newFromOrder(RSOrder rsOrder)
    {
        RSOrderProcessedBusinessEventContract contract = new RSOrderProcessedBusinessEventContract();
        contract.initialize(rsOrder);
        return contract;
    }

]]></Source>
			</Method>
			<Method>
				<Name>parmOrderId</Name>
				<Source><![CDATA[
    [DataMember("OrderId"), BusinessEventsDataMember("OrderId")]
    public RSOrderId parmOrderId(RSOrderId _orderId = orderId) 
    {
        orderId = _orderId;
        return orderId;
    }

]]></Source>
			</Method>
			<Method>
				<Name>parmSalesId</Name>
				<Source><![CDATA[
    [DataMember("SalesId"), BusinessEventsDataMember("SalesId")]
    public SalesId parmSalesId(SalesId _salesId = salesId)
    {
        salesId = _salesId;
        return salesId;
    }

]]></Source>
			</Method>
			<Method>
				<Name>parmCustomer</Name>
				<Source><![CDATA[
    [DataMember("Customer"), BusinessEventsDataMember("Customer")]
    public CustAccount parmCustomer(CustAccount _customer = customer)
    {
        customer = _customer;
        return customer;
    }

]]></Source>
			</Method>
			<Method>
				<Name>parmCreatedTime</Name>
				<Source><![CDATA[
    [DataMember("CreatedTime"), BusinessEventsDataMember("CreatedTime")]
    public RSOrderCreatedDateTime parmCreatedTime(RSOrderCreatedDateTime _createdTime = createdTime)
    {
        createdTime = _createdTime;
        return createdTime;
    }

]]></Source>
			</Method>
			<Method>
				<Name>parmIsCompleted</Name>
				<Source><![CDATA[
    [DataMember("IsCompleted"), BusinessEventsDataMember("IsCompleted")]
    public RSNoYes parmIsCompleted(RSNoYes _isCompleted = isCompleted)
    {
        isCompleted = _isCompleted;
        return isCompleted;
    }

]]></Source>
			</Method>
			<Method>
				<Name>parmCompletedTime</Name>
				<Source><![CDATA[
    [DataMember("CompletedTime"), BusinessEventsDataMember("CompletedTime")]
    public RSOrderCompletedDateTime parmCompletedTime(RSOrderCompletedDateTime _completedTime = completedTime)
    {
        completedTime = _completedTime;
        return completedTime;
    }

]]></Source>
			</Method>
			<Method>
				<Name>parmDataAreaId</Name>
				<Source><![CDATA[
    [DataMember("DataAreaId"), BusinessEventsDataMember("DataAreaId")]
    public DataAreaId parmDataAreaId(DataAreaId _dataAreaId = dataAreaId)
    {
        dataAreaId = _dataAreaId;
        return dataAreaId;
    }

]]></Source>
			</Method>
		</Methods>
	</SourceCode>
</AxClass>