<?xml version="1.0" encoding="utf-8"?>
<AxClass xmlns:i="http://www.w3.org/2001/XMLSchema-instance">
	<Name>RSOrderCustomServiceResponseLine</Name>
	<SourceCode>
		<Declaration><![CDATA[
[DataContract]
class RSOrderCustomServiceResponseLine
{
    private LineNumber_IT lineNumber;
    private RSFoodItemName foodItemName;
    private Price pricePerItem;
    private RetailDiscountAmountValue discountPercent;
    private Price discountPerItem;
    private Price priceAfterDiscount;
    private MCRQuantity quantity;
    private Price totalPrice;

}
]]></Declaration>
		<Methods>
			<Method>
				<Name>parmLineNumber</Name>
				<Source><![CDATA[
    [DataMember("LineNumber")]
    public LineNumber_IT parmLineNumber(LineNumber_IT _lineNumber = lineNumber) 
    {
        lineNumber = _lineNumber;
        return lineNumber;
    }

]]></Source>
			</Method>
			<Method>
				<Name>parmFoodItemName</Name>
				<Source><![CDATA[
    [DataMember("FoodItemName")]
    public RSFoodItemName parmFoodItemName(RSFoodItemName _foodItemName = foodItemName) 
    {
        foodItemName = _foodItemName;
        return foodItemName;
    }

]]></Source>
			</Method>
			<Method>
				<Name>parmPricePerItem</Name>
				<Source><![CDATA[
    [DataMember("PricePerItem")]
    public Price parmPricePerItem(Price _pricePerItem = pricePerItem)
    {
        pricePerItem = _pricePerItem;
        return pricePerItem;
    }

]]></Source>
			</Method>
			<Method>
				<Name>parmDiscountPercent</Name>
				<Source><![CDATA[
    [DataMember("DiscountPercent")]
    public RetailDiscountAmountValue parmDiscountPercent(RetailDiscountAmountValue _discountPercent = discountPercent)
    {
        discountPercent = _discountPercent;
        return discountPercent;
    }

]]></Source>
			</Method>
			<Method>
				<Name>parmDiscountPerItem</Name>
				<Source><![CDATA[
    [DataMember("DiscountPerItem")]
    public Price parmDiscountPerItem(Price _discountPerItem = discountPerItem) 
    {
        discountPerItem = _discountPerItem;
        return discountPerItem;
    }

]]></Source>
			</Method>
			<Method>
				<Name>parmPriceAfterDiscount</Name>
				<Source><![CDATA[
    [DataMember("PriceAfterDiscount")]
    public Price parmPriceAfterDiscount(Price _priceAfterDiscount = priceAfterDiscount)
    {
        priceAfterDiscount = _priceAfterDiscount;
        return priceAfterDiscount;
    }

]]></Source>
			</Method>
			<Method>
				<Name>parmQuantity</Name>
				<Source><![CDATA[
    [DataMember("Quantity")]
    public MCRQuantity parmQuantity(MCRQuantity _quantity = quantity)
    {
        quantity = _quantity;
        return quantity;
    }

]]></Source>
			</Method>
			<Method>
				<Name>parmTotalPrice</Name>
				<Source><![CDATA[
    [DataMember("LineTotalPrice")]
    public Price parmTotalPrice(Price _totalPrice = totalPrice)
    {
        totalPrice = _totalPrice;
        return totalPrice;
    }

]]></Source>
			</Method>
		</Methods>
	</SourceCode>
</AxClass>