<?xml version="1.0" encoding="utf-8"?>
<AxClass xmlns:i="http://www.w3.org/2001/XMLSchema-instance">
	<Name>RSOrderCustomServiceRequestHeader</Name>
	<SourceCode>
		<Declaration><![CDATA[
[DataContract]
class RSOrderCustomServiceRequestHeader
{
    private CustAccount customer;

}
]]></Declaration>
		<Methods>
			<Method>
				<Name>parmCustomer</Name>
				<Source><![CDATA[
    [DataMember("Customer")]
    public CustAccount parmCustomer(CustAccount _customer = customer)
    {
        customer = _customer;
        return customer;
    }

]]></Source>
			</Method>
		</Methods>
	</SourceCode>
</AxClass>