<?xml version="1.0" encoding="utf-8"?>
<AxClass xmlns:i="http://www.w3.org/2001/XMLSchema-instance">
	<Name>RSProcessOrderService</Name>
	<SourceCode>
		<Declaration><![CDATA[
public class RSProcessOrderService extends SysOperationServiceBase
{
}
]]></Declaration>
		<Methods>
			<Method>
				<Name>process</Name>
				<Source><![CDATA[
    public void process(RSProcessOrderContract _contract) 
    {
        RSOrderRefRecId orderRecId = _contract.parmOrderId();
        RSOrder rsOrder;

        select firstonly rsOrder
            where rsOrder.RecId == orderRecId;

        if (rsOrder.SalesId) 
        {
            throw error(strFmt("Order has existing sales order %1", rsOrder.SalesId));
        }

        ttsbegin;
        SalesOrderHeaderV2Entity salesOrderHeaderV2Entity;

        salesOrderHeaderV2Entity.initValue();
        salesOrderHeaderV2Entity.OrderingCustomerAccountNumber = rsOrder.CustAccount;
        salesOrderHeaderV2Entity.CustomersOrderReference = rsOrder.Id;
        salesOrderHeaderV2Entity.defaultRow();

        if (!salesOrderHeaderV2Entity.validateWrite())
        {
            throw error("Validation failed.");
        }

        salesOrderHeaderV2Entity.write();

        rsOrder.SalesId = salesOrderHeaderV2Entity.SalesOrderNumber;
        rsOrder.IsCompleted = RSNoYes::Yes;
        rsOrder.CompletedTime = DateTimeUtil::utcNow();
        
        rsOrder.selectForUpdate(true);
        rsOrder.update();
        info(strFmt("Created sales order %1", rsOrder.SalesId));

        RSOrderLine rsOrderLine;

        while select rsOrderLine
            where rsOrderLine.OrderId == rsOrder.RecId
        {
            this.processOrderLine(rsOrderLine, salesOrderHeaderV2Entity.SalesOrderNumber);
        }

        if (BusinessEventsConfigurationReader::isBusinessEventEnabled(classStr(RSOrderProcessedBusinessEvent)))
        {
            RSOrderProcessedBusinessEvent::newFromOrder(rsOrder).send();
        }

        ttscommit;
    }

]]></Source>
			</Method>
			<Method>
				<Name>processOrderLine</Name>
				<Source><![CDATA[
    protected void processOrderLine(RSOrderLine rsOrderLine, SalesId salesOrderNumber)
    {
        SalesOrderLineV2Entity salesOrderLineV2Entity;
        setPrefix(strFmt("Line %1", rsOrderLine.LineNumber));

        salesOrderLineV2Entity.initValue();
        salesOrderLineV2Entity.defaultRow();

        salesOrderLineV2Entity.SalesOrderNumber = salesOrderNumber;
        salesOrderLineV2Entity.CustomersLineNumber = rsOrderLine.LineNumber;
        salesOrderLineV2Entity.ItemNumber = "S0012";
        salesOrderLineV2Entity.SalesPriceQuantity = rsOrderLine.Quantity;
        salesOrderLineV2Entity.SalesPrice = rsOrderLine.PricePerItem;
        salesOrderLineV2Entity.LineAmount = rsOrderLine.TotalPrice;

        if (!salesOrderLineV2Entity.validateWrite()) 
        {
            throw error("Line validation failed.");
        }
        salesOrderLineV2Entity.write();
    }

]]></Source>
			</Method>
		</Methods>
	</SourceCode>
</AxClass>