<?xml version="1.0" encoding="utf-8"?>
<AxClass xmlns:i="http://www.w3.org/2001/XMLSchema-instance">
	<Name>RSProcessOrderController</Name>
	<SourceCode>
		<Declaration><![CDATA[
public class RSProcessOrderController extends SysOperationServiceController
{
}
]]></Declaration>
		<Methods>
			<Method>
				<Name>main</Name>
				<Source><![CDATA[
    public static void main(Args _args) 
    {
        RSProcessOrderController controller = RSProcessOrderController::construct();
        controller.parmArgs(_args);

        RSProcessOrderContract contract = controller.getDataContractObject() as RSProcessOrderContract;
        RSOrder currentOrder = _args.record() as RSOrder;
        if (currentOrder) 
        {
            contract.parmOrderId(currentOrder.RecId);
        }

        controller.startOperation();
    }

]]></Source>
			</Method>
			<Method>
				<Name>new</Name>
				<Source><![CDATA[
    protected void new()
    {
        super(classStr(RSProcessOrderService), methodStr(RSProcessOrderService, process), SysOperationExecutionMode::Synchronous);
    }

]]></Source>
			</Method>
			<Method>
				<Name>defaultCaption</Name>
				<Source><![CDATA[
    public ClassDescription defaultCaption() 
    {
        return "Process Order";
    }

]]></Source>
			</Method>
			<Method>
				<Name>construct</Name>
				<Source><![CDATA[
    public static RSProcessOrderController construct(SysOperationExecutionMode _mode = SysOperationExecutionMode::Synchronous) 
    {
        RSProcessOrderController controller = new RSProcessOrderController();
        controller.parmExecutionMode(_mode);
        controller.parmLoadFromSysLastValue(false);
        return controller;
    }

]]></Source>
			</Method>
		</Methods>
	</SourceCode>
</AxClass>