<?xml version="1.0" encoding="utf-8"?>
<AxClass xmlns:i="http://www.w3.org/2001/XMLSchema-instance">
	<Name>RSProcessOrderContract</Name>
	<SourceCode>
		<Declaration><![CDATA[
[DataContract]
public class RSProcessOrderContract
{
    private RSOrderRefRecId orderId;

}
]]></Declaration>
		<Methods>
			<Method>
				<Name>parmOrderId</Name>
				<Source><![CDATA[
    [DataMember]
    public RSOrderRefRecId parmOrderId(RSOrderRefRecId _orderId = orderId) 
    {
        orderId = _orderId;
        return orderId;
    }

]]></Source>
			</Method>
		</Methods>
	</SourceCode>
</AxClass>