<?xml version="1.0" encoding="utf-8"?>
<AxReport xmlns:i="http://www.w3.org/2001/XMLSchema-instance" xmlns="Microsoft.Dynamics.AX.Metadata.V2">
	<Name>RSOrderReport</Name>
	<DataMethods />
	<DataSets>
		<AxReportDataSet xmlns="">
			<Name>OrderHeader</Name>
			<DataSourceType>ReportDataProvider</DataSourceType>
			<DynamicFilters>false</DynamicFilters>
			<Query>SELECT * FROM RSOrderReportDataProvider.RSOrderReportHeader</Query>
			<FieldGroups />
			<Fields>
				<AxReportDataSetField>
					<Name>CompletedTime</Name>
					<Alias>RSOrderReportHeader.1.CompletedTime</Alias>
					<Caption>@RSLabels:OrderCompletedDateTime</Caption>
					<DataType>System.DateTime</DataType>
					<DisplayWidth>Auto</DisplayWidth>
					<UserDefined>false</UserDefined>
				</AxReportDataSetField>
				<AxReportDataSetField>
					<Name>CreatedTime</Name>
					<Alias>RSOrderReportHeader.1.CreatedTime</Alias>
					<Caption>@RSLabels:OrderCreatedDateTime</Caption>
					<DataType>System.DateTime</DataType>
					<DisplayWidth>Auto</DisplayWidth>
					<UserDefined>false</UserDefined>
				</AxReportDataSetField>
				<AxReportDataSetField>
					<Name>CustAccount</Name>
					<Alias>RSOrderReportHeader.1.CustAccount</Alias>
					<Caption>@RSLabels:CustAccount</Caption>
					<DisplayWidth>Auto</DisplayWidth>
					<UserDefined>false</UserDefined>
				</AxReportDataSetField>
				<AxReportDataSetField>
					<Name>Id</Name>
					<Alias>RSOrderReportHeader.1.Id</Alias>
					<Caption>@RSLabels:OrderId</Caption>
					<DisplayWidth>Auto</DisplayWidth>
					<UserDefined>false</UserDefined>
				</AxReportDataSetField>
				<AxReportDataSetField>
					<Name>IsCompletedLabel</Name>
					<Alias>RSOrderReportHeader.1.IsCompleted:LABEL(RSNoYes)</Alias>
					<Caption>@RSLabels:OrderIsCompleted</Caption>
					<DisplayWidth>Auto</DisplayWidth>
					<UserDefined>false</UserDefined>
				</AxReportDataSetField>
				<AxReportDataSetField>
					<Name>IsCompletedName</Name>
					<Alias>RSOrderReportHeader.1.IsCompleted:NAME(RSNoYes)</Alias>
					<Caption>@RSLabels:OrderIsCompleted</Caption>
					<DisableAutoCreateInDataRegion>true</DisableAutoCreateInDataRegion>
					<DisplayWidth>Auto</DisplayWidth>
					<UserDefined>false</UserDefined>
				</AxReportDataSetField>
				<AxReportDataSetField>
					<Name>SalesId</Name>
					<Alias>RSOrderReportHeader.1.SalesId</Alias>
					<Caption>@SYS9694</Caption>
					<DisplayWidth>Auto</DisplayWidth>
					<UserDefined>false</UserDefined>
				</AxReportDataSetField>
			</Fields>
			<Parameters>
				<AxReportDataSetParameter>
					<Name>AX_PartitionKey</Name>
					<Alias>AX_PartitionKey</Alias>
					<DataType>System.String</DataType>
					<Parameter>AX_PartitionKey</Parameter>
				</AxReportDataSetParameter>
				<AxReportDataSetParameter>
					<Name>AX_CompanyName</Name>
					<Alias>AX_CompanyName</Alias>
					<DataType>System.String</DataType>
					<Parameter>AX_CompanyName</Parameter>
				</AxReportDataSetParameter>
				<AxReportDataSetParameter>
					<Name>AX_UserContext</Name>
					<Alias>AX_UserContext</Alias>
					<DataType>System.String</DataType>
					<Parameter>AX_UserContext</Parameter>
				</AxReportDataSetParameter>
				<AxReportDataSetParameter>
					<Name>AX_RenderingCulture</Name>
					<Alias>AX_RenderingCulture</Alias>
					<DataType>System.String</DataType>
					<Parameter>AX_RenderingCulture</Parameter>
				</AxReportDataSetParameter>
				<AxReportDataSetParameter>
					<Name>AX_ReportContext</Name>
					<Alias>AX_ReportContext</Alias>
					<DataType>System.String</DataType>
					<Parameter>AX_ReportContext</Parameter>
				</AxReportDataSetParameter>
				<AxReportDataSetParameter>
					<Name>AX_RdpPreProcessedId</Name>
					<Alias>AX_RdpPreProcessedId</Alias>
					<DataType>System.String</DataType>
					<Parameter>AX_RdpPreProcessedId</Parameter>
				</AxReportDataSetParameter>
				<AxReportDataSetParameter>
					<Name>parmOrderId</Name>
					<Alias>parmOrderId</Alias>
					<DataType>System.Int64</DataType>
					<Parameter>OrderHeader_parmOrderId</Parameter>
				</AxReportDataSetParameter>
			</Parameters>
		</AxReportDataSet>
		<AxReportDataSet xmlns="">
			<Name>OrderLine</Name>
			<DataSourceType>ReportDataProvider</DataSourceType>
			<DynamicFilters>false</DynamicFilters>
			<Query>SELECT * FROM RSOrderReportDataProvider.RSOrderReportLine</Query>
			<FieldGroups />
			<Fields>
				<AxReportDataSetField>
					<Name>DiscountPerItem</Name>
					<Alias>RSOrderReportLine.1.DiscountPerItem</Alias>
					<Caption>@SYS11865</Caption>
					<DataType>System.Double</DataType>
					<DisplayWidth>Auto</DisplayWidth>
					<UserDefined>false</UserDefined>
				</AxReportDataSetField>
				<AxReportDataSetField>
					<Name>DiscountPercent</Name>
					<Alias>RSOrderReportLine.1.DiscountPercent</Alias>
					<Caption>@RSLabels:OrderLineDiscountPercent</Caption>
					<DataType>System.Double</DataType>
					<DisplayWidth>Auto</DisplayWidth>
					<UserDefined>false</UserDefined>
				</AxReportDataSetField>
				<AxReportDataSetField>
					<Name>FoodItem</Name>
					<Alias>RSOrderReportLine.1.FoodItem</Alias>
					<Caption>@RSLabels:FoodItemRefRecId</Caption>
					<DataType>System.Int64</DataType>
					<DisplayWidth>Auto</DisplayWidth>
					<UserDefined>false</UserDefined>
				</AxReportDataSetField>
				<AxReportDataSetField>
					<Name>FoodItemName</Name>
					<Alias>RSOrderReportLine.1.FoodItemName</Alias>
					<Caption>@RSLabels:FoodItemName</Caption>
					<DisplayWidth>Auto</DisplayWidth>
					<UserDefined>false</UserDefined>
				</AxReportDataSetField>
				<AxReportDataSetField>
					<Name>LineNumber</Name>
					<Alias>RSOrderReportLine.1.LineNumber</Alias>
					<Caption>@SYS27207</Caption>
					<DataType>System.Int32</DataType>
					<DisplayWidth>Auto</DisplayWidth>
					<UserDefined>false</UserDefined>
				</AxReportDataSetField>
				<AxReportDataSetField>
					<Name>OrderId</Name>
					<Alias>RSOrderReportLine.1.OrderId</Alias>
					<Caption>@RSLabels:OrderRefRecId</Caption>
					<DataType>System.Int64</DataType>
					<DisplayWidth>Auto</DisplayWidth>
					<UserDefined>false</UserDefined>
				</AxReportDataSetField>
				<AxReportDataSetField>
					<Name>PriceAfterDiscount</Name>
					<Alias>RSOrderReportLine.1.PriceAfterDiscount</Alias>
					<Caption>@RSLabels:OrderLinePriceAfterDiscount</Caption>
					<DataType>System.Double</DataType>
					<DisplayWidth>Auto</DisplayWidth>
					<UserDefined>false</UserDefined>
				</AxReportDataSetField>
				<AxReportDataSetField>
					<Name>PricePerItem</Name>
					<Alias>RSOrderReportLine.1.PricePerItem</Alias>
					<Caption>@RSLabels:OrderLinePricePerItem</Caption>
					<DataType>System.Double</DataType>
					<DisplayWidth>Auto</DisplayWidth>
					<UserDefined>false</UserDefined>
				</AxReportDataSetField>
				<AxReportDataSetField>
					<Name>Quantity</Name>
					<Alias>RSOrderReportLine.1.Quantity</Alias>
					<Caption>@RSLabels:OrderLineQuantity</Caption>
					<DataType>System.Double</DataType>
					<DisplayWidth>Auto</DisplayWidth>
					<UserDefined>false</UserDefined>
				</AxReportDataSetField>
				<AxReportDataSetField>
					<Name>TotalPrice</Name>
					<Alias>RSOrderReportLine.1.TotalPrice</Alias>
					<Caption>@RSLabels:OrderLineTotalPrice</Caption>
					<DataType>System.Double</DataType>
					<DisplayWidth>Auto</DisplayWidth>
					<UserDefined>false</UserDefined>
				</AxReportDataSetField>
			</Fields>
			<Parameters>
				<AxReportDataSetParameter>
					<Name>AX_PartitionKey</Name>
					<Alias>AX_PartitionKey</Alias>
					<DataType>System.String</DataType>
					<Parameter>AX_PartitionKey</Parameter>
				</AxReportDataSetParameter>
				<AxReportDataSetParameter>
					<Name>AX_CompanyName</Name>
					<Alias>AX_CompanyName</Alias>
					<DataType>System.String</DataType>
					<Parameter>AX_CompanyName</Parameter>
				</AxReportDataSetParameter>
				<AxReportDataSetParameter>
					<Name>AX_UserContext</Name>
					<Alias>AX_UserContext</Alias>
					<DataType>System.String</DataType>
					<Parameter>AX_UserContext</Parameter>
				</AxReportDataSetParameter>
				<AxReportDataSetParameter>
					<Name>AX_RenderingCulture</Name>
					<Alias>AX_RenderingCulture</Alias>
					<DataType>System.String</DataType>
					<Parameter>AX_RenderingCulture</Parameter>
				</AxReportDataSetParameter>
				<AxReportDataSetParameter>
					<Name>AX_ReportContext</Name>
					<Alias>AX_ReportContext</Alias>
					<DataType>System.String</DataType>
					<Parameter>AX_ReportContext</Parameter>
				</AxReportDataSetParameter>
				<AxReportDataSetParameter>
					<Name>AX_RdpPreProcessedId</Name>
					<Alias>AX_RdpPreProcessedId</Alias>
					<DataType>System.String</DataType>
					<Parameter>AX_RdpPreProcessedId</Parameter>
				</AxReportDataSetParameter>
				<AxReportDataSetParameter>
					<Name>parmOrderId</Name>
					<Alias>parmOrderId</Alias>
					<DataType>System.Int64</DataType>
					<Parameter>OrderHeader_parmOrderId</Parameter>
				</AxReportDataSetParameter>
			</Parameters>
		</AxReportDataSet>
	</DataSets>
	<DefaultParameterGroup>
		<Name xmlns="">Parameters</Name>
		<ReportParameterBases xmlns="">
			<AxReportParameterBase xmlns=""
				i:type="AxReportParameter">
				<Name>AX_PartitionKey</Name>
				<AllowBlank>true</AllowBlank>
				<Nullable>true</Nullable>
				<UserVisibility>Hidden</UserVisibility>
				<DefaultValue />
				<Values />
			</AxReportParameterBase>
			<AxReportParameterBase xmlns=""
				i:type="AxReportParameter">
				<Name>AX_CompanyName</Name>
				<UserVisibility>Hidden</UserVisibility>
				<DefaultValue />
				<Values />
			</AxReportParameterBase>
			<AxReportParameterBase xmlns=""
				i:type="AxReportParameter">
				<Name>AX_UserContext</Name>
				<AllowBlank>true</AllowBlank>
				<Nullable>true</Nullable>
				<UserVisibility>Hidden</UserVisibility>
				<DefaultValue />
				<Values />
			</AxReportParameterBase>
			<AxReportParameterBase xmlns=""
				i:type="AxReportParameter">
				<Name>AX_RenderingCulture</Name>
				<AllowBlank>true</AllowBlank>
				<Nullable>true</Nullable>
				<UserVisibility>Hidden</UserVisibility>
				<DefaultValue />
				<Values />
			</AxReportParameterBase>
			<AxReportParameterBase xmlns=""
				i:type="AxReportParameter">
				<Name>AX_ReportContext</Name>
				<AllowBlank>true</AllowBlank>
				<Nullable>true</Nullable>
				<UserVisibility>Hidden</UserVisibility>
				<DefaultValue />
				<Values />
			</AxReportParameterBase>
			<AxReportParameterBase xmlns=""
				i:type="AxReportParameter">
				<Name>AX_RdpPreProcessedId</Name>
				<AllowBlank>true</AllowBlank>
				<Nullable>true</Nullable>
				<UserVisibility>Hidden</UserVisibility>
				<DefaultValue />
				<Values />
			</AxReportParameterBase>
			<AxReportParameterBase xmlns=""
				i:type="AxReportParameter">
				<Name>OrderHeader_parmOrderId</Name>
				<DataType>System.Int64</DataType>
				<DefaultValue />
				<Values />
			</AxReportParameterBase>
		</ReportParameterBases>
	</DefaultParameterGroup>
	<Designs>
		<AxReportDesign xmlns=""
			i:type="AxReportPrecisionDesign">
			<Name>Report</Name>
			<Text>&lt;?xml version="1.0" encoding="utf-8"?&gt;
&lt;Report xmlns="http://schemas.microsoft.com/sqlserver/reporting/2016/01/reportdefinition" xmlns:rd="http://schemas.microsoft.com/SQLServer/reporting/reportdesigner"&gt;
  &lt;AutoRefresh&gt;0&lt;/AutoRefresh&gt;
  &lt;DataSources&gt;
    &lt;DataSource Name="AutoGen__ReportDataProvider"&gt;
      &lt;Transaction&gt;true&lt;/Transaction&gt;
      &lt;ConnectionProperties&gt;
        &lt;DataProvider&gt;AXREPORTDATAPROVIDER&lt;/DataProvider&gt;
        &lt;ConnectString /&gt;
        &lt;IntegratedSecurity&gt;true&lt;/IntegratedSecurity&gt;
      &lt;/ConnectionProperties&gt;
      &lt;rd:DataSourceID&gt;b8802644-ca0d-49ac-bd04-a7dc2bf55a52&lt;/rd:DataSourceID&gt;
    &lt;/DataSource&gt;
  &lt;/DataSources&gt;
  &lt;DataSets&gt;
    &lt;DataSet Name="OrderHeader"&gt;
      &lt;Query&gt;
        &lt;DataSourceName&gt;AutoGen__ReportDataProvider&lt;/DataSourceName&gt;
        &lt;QueryParameters&gt;
          &lt;QueryParameter Name="AX_PartitionKey"&gt;
            &lt;Value&gt;=Parameters!AX_PartitionKey.Value&lt;/Value&gt;
          &lt;/QueryParameter&gt;
          &lt;QueryParameter Name="AX_CompanyName"&gt;
            &lt;Value&gt;=Parameters!AX_CompanyName.Value&lt;/Value&gt;
          &lt;/QueryParameter&gt;
          &lt;QueryParameter Name="AX_UserContext"&gt;
            &lt;Value&gt;=Parameters!AX_UserContext.Value&lt;/Value&gt;
          &lt;/QueryParameter&gt;
          &lt;QueryParameter Name="AX_RenderingCulture"&gt;
            &lt;Value&gt;=Parameters!AX_RenderingCulture.Value&lt;/Value&gt;
          &lt;/QueryParameter&gt;
          &lt;QueryParameter Name="AX_ReportContext"&gt;
            &lt;Value&gt;=Parameters!AX_ReportContext.Value&lt;/Value&gt;
          &lt;/QueryParameter&gt;
          &lt;QueryParameter Name="AX_RdpPreProcessedId"&gt;
            &lt;Value&gt;=Parameters!AX_RdpPreProcessedId.Value&lt;/Value&gt;
          &lt;/QueryParameter&gt;
          &lt;QueryParameter Name="parmOrderId"&gt;
            &lt;Value&gt;=Parameters!OrderHeader_parmOrderId.Value&lt;/Value&gt;
          &lt;/QueryParameter&gt;
        &lt;/QueryParameters&gt;
        &lt;CommandText&gt;SELECT * FROM RSOrderReportDataProvider.RSOrderReportHeader&lt;/CommandText&gt;
        &lt;rd:UseGenericDesigner&gt;true&lt;/rd:UseGenericDesigner&gt;
      &lt;/Query&gt;
      &lt;Fields&gt;
        &lt;Field Name="CompletedTime"&gt;
          &lt;DataField&gt;RSOrderReportHeader.1.CompletedTime&lt;/DataField&gt;
          &lt;rd:TypeName&gt;System.DateTime&lt;/rd:TypeName&gt;
        &lt;/Field&gt;
        &lt;Field Name="CreatedTime"&gt;
          &lt;DataField&gt;RSOrderReportHeader.1.CreatedTime&lt;/DataField&gt;
          &lt;rd:TypeName&gt;System.DateTime&lt;/rd:TypeName&gt;
        &lt;/Field&gt;
        &lt;Field Name="CustAccount"&gt;
          &lt;DataField&gt;RSOrderReportHeader.1.CustAccount&lt;/DataField&gt;
          &lt;rd:TypeName&gt;System.String&lt;/rd:TypeName&gt;
        &lt;/Field&gt;
        &lt;Field Name="Id"&gt;
          &lt;DataField&gt;RSOrderReportHeader.1.Id&lt;/DataField&gt;
          &lt;rd:TypeName&gt;System.String&lt;/rd:TypeName&gt;
        &lt;/Field&gt;
        &lt;Field Name="IsCompletedLabel"&gt;
          &lt;DataField&gt;RSOrderReportHeader.1.IsCompleted:LABEL(RSNoYes)&lt;/DataField&gt;
          &lt;rd:TypeName&gt;System.String&lt;/rd:TypeName&gt;
        &lt;/Field&gt;
        &lt;Field Name="IsCompletedName"&gt;
          &lt;DataField&gt;RSOrderReportHeader.1.IsCompleted:NAME(RSNoYes)&lt;/DataField&gt;
          &lt;rd:TypeName&gt;System.String&lt;/rd:TypeName&gt;
        &lt;/Field&gt;
        &lt;Field Name="SalesId"&gt;
          &lt;DataField&gt;RSOrderReportHeader.1.SalesId&lt;/DataField&gt;
          &lt;rd:TypeName&gt;System.String&lt;/rd:TypeName&gt;
        &lt;/Field&gt;
      &lt;/Fields&gt;
      &lt;rd:DataSetInfo&gt;
        &lt;rd:DataSetName&gt;OrderHeader&lt;/rd:DataSetName&gt;
        &lt;rd:TableName&gt;Fields&lt;/rd:TableName&gt;
        &lt;rd:TableAdapterFillMethod&gt;Fill&lt;/rd:TableAdapterFillMethod&gt;
        &lt;rd:TableAdapterGetDataMethod&gt;GetData&lt;/rd:TableAdapterGetDataMethod&gt;
        &lt;rd:TableAdapterName&gt;FieldsTableAdapter&lt;/rd:TableAdapterName&gt;
      &lt;/rd:DataSetInfo&gt;
    &lt;/DataSet&gt;
    &lt;DataSet Name="OrderLine"&gt;
      &lt;Query&gt;
        &lt;DataSourceName&gt;AutoGen__ReportDataProvider&lt;/DataSourceName&gt;
        &lt;QueryParameters&gt;
          &lt;QueryParameter Name="AX_PartitionKey"&gt;
            &lt;Value&gt;=Parameters!AX_PartitionKey.Value&lt;/Value&gt;
          &lt;/QueryParameter&gt;
          &lt;QueryParameter Name="AX_CompanyName"&gt;
            &lt;Value&gt;=Parameters!AX_CompanyName.Value&lt;/Value&gt;
          &lt;/QueryParameter&gt;
          &lt;QueryParameter Name="AX_UserContext"&gt;
            &lt;Value&gt;=Parameters!AX_UserContext.Value&lt;/Value&gt;
          &lt;/QueryParameter&gt;
          &lt;QueryParameter Name="AX_RenderingCulture"&gt;
            &lt;Value&gt;=Parameters!AX_RenderingCulture.Value&lt;/Value&gt;
          &lt;/QueryParameter&gt;
          &lt;QueryParameter Name="AX_ReportContext"&gt;
            &lt;Value&gt;=Parameters!AX_ReportContext.Value&lt;/Value&gt;
          &lt;/QueryParameter&gt;
          &lt;QueryParameter Name="AX_RdpPreProcessedId"&gt;
            &lt;Value&gt;=Parameters!AX_RdpPreProcessedId.Value&lt;/Value&gt;
          &lt;/QueryParameter&gt;
          &lt;QueryParameter Name="parmOrderId"&gt;
            &lt;Value&gt;=Parameters!OrderHeader_parmOrderId.Value&lt;/Value&gt;
          &lt;/QueryParameter&gt;
        &lt;/QueryParameters&gt;
        &lt;CommandText&gt;SELECT * FROM RSOrderReportDataProvider.RSOrderReportLine&lt;/CommandText&gt;
        &lt;rd:UseGenericDesigner&gt;true&lt;/rd:UseGenericDesigner&gt;
      &lt;/Query&gt;
      &lt;Fields&gt;
        &lt;Field Name="DiscountPerItem"&gt;
          &lt;DataField&gt;RSOrderReportLine.1.DiscountPerItem&lt;/DataField&gt;
          &lt;rd:TypeName&gt;System.Double&lt;/rd:TypeName&gt;
        &lt;/Field&gt;
        &lt;Field Name="DiscountPercent"&gt;
          &lt;DataField&gt;RSOrderReportLine.1.DiscountPercent&lt;/DataField&gt;
          &lt;rd:TypeName&gt;System.Double&lt;/rd:TypeName&gt;
        &lt;/Field&gt;
        &lt;Field Name="FoodItem"&gt;
          &lt;DataField&gt;RSOrderReportLine.1.FoodItem&lt;/DataField&gt;
          &lt;rd:TypeName&gt;System.Int64&lt;/rd:TypeName&gt;
        &lt;/Field&gt;
        &lt;Field Name="FoodItemName"&gt;
          &lt;DataField&gt;RSOrderReportLine.1.FoodItemName&lt;/DataField&gt;
          &lt;rd:TypeName&gt;System.String&lt;/rd:TypeName&gt;
        &lt;/Field&gt;
        &lt;Field Name="LineNumber"&gt;
          &lt;DataField&gt;RSOrderReportLine.1.LineNumber&lt;/DataField&gt;
          &lt;rd:TypeName&gt;System.Int32&lt;/rd:TypeName&gt;
        &lt;/Field&gt;
        &lt;Field Name="OrderId"&gt;
          &lt;DataField&gt;RSOrderReportLine.1.OrderId&lt;/DataField&gt;
          &lt;rd:TypeName&gt;System.Int64&lt;/rd:TypeName&gt;
        &lt;/Field&gt;
        &lt;Field Name="PriceAfterDiscount"&gt;
          &lt;DataField&gt;RSOrderReportLine.1.PriceAfterDiscount&lt;/DataField&gt;
          &lt;rd:TypeName&gt;System.Double&lt;/rd:TypeName&gt;
        &lt;/Field&gt;
        &lt;Field Name="PricePerItem"&gt;
          &lt;DataField&gt;RSOrderReportLine.1.PricePerItem&lt;/DataField&gt;
          &lt;rd:TypeName&gt;System.Double&lt;/rd:TypeName&gt;
        &lt;/Field&gt;
        &lt;Field Name="Quantity"&gt;
          &lt;DataField&gt;RSOrderReportLine.1.Quantity&lt;/DataField&gt;
          &lt;rd:TypeName&gt;System.Double&lt;/rd:TypeName&gt;
        &lt;/Field&gt;
        &lt;Field Name="TotalPrice"&gt;
          &lt;DataField&gt;RSOrderReportLine.1.TotalPrice&lt;/DataField&gt;
          &lt;rd:TypeName&gt;System.Double&lt;/rd:TypeName&gt;
        &lt;/Field&gt;
      &lt;/Fields&gt;
      &lt;rd:DataSetInfo&gt;
        &lt;rd:DataSetName&gt;OrderLine&lt;/rd:DataSetName&gt;
        &lt;rd:TableName&gt;Fields&lt;/rd:TableName&gt;
        &lt;rd:TableAdapterFillMethod&gt;Fill&lt;/rd:TableAdapterFillMethod&gt;
        &lt;rd:TableAdapterGetDataMethod&gt;GetData&lt;/rd:TableAdapterGetDataMethod&gt;
        &lt;rd:TableAdapterName&gt;FieldsTableAdapter&lt;/rd:TableAdapterName&gt;
      &lt;/rd:DataSetInfo&gt;
    &lt;/DataSet&gt;
  &lt;/DataSets&gt;
  &lt;ReportSections&gt;
    &lt;ReportSection&gt;
      &lt;Body&gt;
        &lt;ReportItems&gt;
          &lt;Tablix Name="table9"&gt;
            &lt;TablixBody&gt;
              &lt;TablixColumns&gt;
                &lt;TablixColumn&gt;
                  &lt;Width&gt;0.8006in&lt;/Width&gt;
                &lt;/TablixColumn&gt;
                &lt;TablixColumn&gt;
                  &lt;Width&gt;1.07143in&lt;/Width&gt;
                &lt;/TablixColumn&gt;
                &lt;TablixColumn&gt;
                  &lt;Width&gt;0.84226in&lt;/Width&gt;
                &lt;/TablixColumn&gt;
                &lt;TablixColumn&gt;
                  &lt;Width&gt;1.07143in&lt;/Width&gt;
                &lt;/TablixColumn&gt;
                &lt;TablixColumn&gt;
                  &lt;Width&gt;1.1756in&lt;/Width&gt;
                &lt;/TablixColumn&gt;
                &lt;TablixColumn&gt;
                  &lt;Width&gt;0.57143in&lt;/Width&gt;
                &lt;/TablixColumn&gt;
                &lt;TablixColumn&gt;
                  &lt;Width&gt;0.64435in&lt;/Width&gt;
                &lt;/TablixColumn&gt;
              &lt;/TablixColumns&gt;
              &lt;TablixRows&gt;
                &lt;TablixRow&gt;
                  &lt;Height&gt;0.16in&lt;/Height&gt;
                  &lt;TablixCells&gt;
                    &lt;TablixCell&gt;
                      &lt;CellContents&gt;
                        &lt;Textbox Name="Textbox321"&gt;
                          &lt;CanGrow&gt;true&lt;/CanGrow&gt;
                          &lt;KeepTogether&gt;true&lt;/KeepTogether&gt;
                          &lt;Paragraphs&gt;
                            &lt;Paragraph&gt;
                              &lt;TextRuns&gt;
                                &lt;TextRun&gt;
                                  &lt;Value&gt;Line Number&lt;/Value&gt;
                                  &lt;Style&gt;
                                    &lt;FontFamily&gt;Segoe UI&lt;/FontFamily&gt;
                                    &lt;FontSize&gt;8pt&lt;/FontSize&gt;
                                    &lt;FontWeight&gt;Bold&lt;/FontWeight&gt;
                                  &lt;/Style&gt;
                                &lt;/TextRun&gt;
                              &lt;/TextRuns&gt;
                              &lt;Style&gt;
                                &lt;TextAlign&gt;Right&lt;/TextAlign&gt;
                              &lt;/Style&gt;
                            &lt;/Paragraph&gt;
                          &lt;/Paragraphs&gt;
                          &lt;rd:DefaultName&gt;Textbox321&lt;/rd:DefaultName&gt;
                          &lt;Style&gt;
                            &lt;Border&gt;
                              &lt;Style&gt;None&lt;/Style&gt;
                            &lt;/Border&gt;
                            &lt;BottomBorder&gt;
                              &lt;Style&gt;Solid&lt;/Style&gt;
                            &lt;/BottomBorder&gt;
                            &lt;VerticalAlign&gt;Bottom&lt;/VerticalAlign&gt;
                            &lt;PaddingLeft&gt;2pt&lt;/PaddingLeft&gt;
                            &lt;PaddingRight&gt;2pt&lt;/PaddingRight&gt;
                          &lt;/Style&gt;
                        &lt;/Textbox&gt;
                      &lt;/CellContents&gt;
                    &lt;/TablixCell&gt;
                    &lt;TablixCell&gt;
                      &lt;CellContents&gt;
                        &lt;Textbox Name="Textbox324"&gt;
                          &lt;CanGrow&gt;true&lt;/CanGrow&gt;
                          &lt;KeepTogether&gt;true&lt;/KeepTogether&gt;
                          &lt;Paragraphs&gt;
                            &lt;Paragraph&gt;
                              &lt;TextRuns&gt;
                                &lt;TextRun&gt;
                                  &lt;Value&gt;Food Item&lt;/Value&gt;
                                  &lt;Style&gt;
                                    &lt;FontFamily&gt;Segoe UI&lt;/FontFamily&gt;
                                    &lt;FontSize&gt;8pt&lt;/FontSize&gt;
                                    &lt;FontWeight&gt;Bold&lt;/FontWeight&gt;
                                  &lt;/Style&gt;
                                &lt;/TextRun&gt;
                              &lt;/TextRuns&gt;
                              &lt;Style&gt;
                                &lt;TextAlign&gt;Right&lt;/TextAlign&gt;
                              &lt;/Style&gt;
                            &lt;/Paragraph&gt;
                          &lt;/Paragraphs&gt;
                          &lt;rd:DefaultName&gt;Textbox324&lt;/rd:DefaultName&gt;
                          &lt;Style&gt;
                            &lt;Border&gt;
                              &lt;Style&gt;None&lt;/Style&gt;
                            &lt;/Border&gt;
                            &lt;BottomBorder&gt;
                              &lt;Style&gt;Solid&lt;/Style&gt;
                            &lt;/BottomBorder&gt;
                            &lt;VerticalAlign&gt;Bottom&lt;/VerticalAlign&gt;
                            &lt;PaddingLeft&gt;2pt&lt;/PaddingLeft&gt;
                            &lt;PaddingRight&gt;2pt&lt;/PaddingRight&gt;
                          &lt;/Style&gt;
                        &lt;/Textbox&gt;
                      &lt;/CellContents&gt;
                    &lt;/TablixCell&gt;
                    &lt;TablixCell&gt;
                      &lt;CellContents&gt;
                        &lt;Textbox Name="Textbox327"&gt;
                          &lt;CanGrow&gt;true&lt;/CanGrow&gt;
                          &lt;KeepTogether&gt;true&lt;/KeepTogether&gt;
                          &lt;Paragraphs&gt;
                            &lt;Paragraph&gt;
                              &lt;TextRuns&gt;
                                &lt;TextRun&gt;
                                  &lt;Value&gt;Price Per Item&lt;/Value&gt;
                                  &lt;Style&gt;
                                    &lt;FontFamily&gt;Segoe UI&lt;/FontFamily&gt;
                                    &lt;FontSize&gt;8pt&lt;/FontSize&gt;
                                    &lt;FontWeight&gt;Bold&lt;/FontWeight&gt;
                                  &lt;/Style&gt;
                                &lt;/TextRun&gt;
                              &lt;/TextRuns&gt;
                              &lt;Style&gt;
                                &lt;TextAlign&gt;Right&lt;/TextAlign&gt;
                              &lt;/Style&gt;
                            &lt;/Paragraph&gt;
                          &lt;/Paragraphs&gt;
                          &lt;rd:DefaultName&gt;Textbox327&lt;/rd:DefaultName&gt;
                          &lt;Style&gt;
                            &lt;Border&gt;
                              &lt;Style&gt;None&lt;/Style&gt;
                            &lt;/Border&gt;
                            &lt;BottomBorder&gt;
                              &lt;Style&gt;Solid&lt;/Style&gt;
                            &lt;/BottomBorder&gt;
                            &lt;VerticalAlign&gt;Bottom&lt;/VerticalAlign&gt;
                            &lt;PaddingLeft&gt;2pt&lt;/PaddingLeft&gt;
                            &lt;PaddingRight&gt;2pt&lt;/PaddingRight&gt;
                          &lt;/Style&gt;
                        &lt;/Textbox&gt;
                      &lt;/CellContents&gt;
                    &lt;/TablixCell&gt;
                    &lt;TablixCell&gt;
                      &lt;CellContents&gt;
                        &lt;Textbox Name="Textbox330"&gt;
                          &lt;CanGrow&gt;true&lt;/CanGrow&gt;
                          &lt;KeepTogether&gt;true&lt;/KeepTogether&gt;
                          &lt;Paragraphs&gt;
                            &lt;Paragraph&gt;
                              &lt;TextRuns&gt;
                                &lt;TextRun&gt;
                                  &lt;Value&gt;Discount Per Item&lt;/Value&gt;
                                  &lt;Style&gt;
                                    &lt;FontFamily&gt;Segoe UI&lt;/FontFamily&gt;
                                    &lt;FontSize&gt;8pt&lt;/FontSize&gt;
                                    &lt;FontWeight&gt;Bold&lt;/FontWeight&gt;
                                  &lt;/Style&gt;
                                &lt;/TextRun&gt;
                              &lt;/TextRuns&gt;
                              &lt;Style&gt;
                                &lt;TextAlign&gt;Right&lt;/TextAlign&gt;
                              &lt;/Style&gt;
                            &lt;/Paragraph&gt;
                          &lt;/Paragraphs&gt;
                          &lt;rd:DefaultName&gt;Textbox330&lt;/rd:DefaultName&gt;
                          &lt;Style&gt;
                            &lt;Border&gt;
                              &lt;Style&gt;None&lt;/Style&gt;
                            &lt;/Border&gt;
                            &lt;BottomBorder&gt;
                              &lt;Style&gt;Solid&lt;/Style&gt;
                            &lt;/BottomBorder&gt;
                            &lt;VerticalAlign&gt;Bottom&lt;/VerticalAlign&gt;
                            &lt;PaddingLeft&gt;2pt&lt;/PaddingLeft&gt;
                            &lt;PaddingRight&gt;2pt&lt;/PaddingRight&gt;
                          &lt;/Style&gt;
                        &lt;/Textbox&gt;
                      &lt;/CellContents&gt;
                    &lt;/TablixCell&gt;
                    &lt;TablixCell&gt;
                      &lt;CellContents&gt;
                        &lt;Textbox Name="Textbox333"&gt;
                          &lt;CanGrow&gt;true&lt;/CanGrow&gt;
                          &lt;KeepTogether&gt;true&lt;/KeepTogether&gt;
                          &lt;Paragraphs&gt;
                            &lt;Paragraph&gt;
                              &lt;TextRuns&gt;
                                &lt;TextRun&gt;
                                  &lt;Value&gt;Price After Discount&lt;/Value&gt;
                                  &lt;Style&gt;
                                    &lt;FontFamily&gt;Segoe UI&lt;/FontFamily&gt;
                                    &lt;FontSize&gt;8pt&lt;/FontSize&gt;
                                    &lt;FontWeight&gt;Bold&lt;/FontWeight&gt;
                                  &lt;/Style&gt;
                                &lt;/TextRun&gt;
                              &lt;/TextRuns&gt;
                              &lt;Style&gt;
                                &lt;TextAlign&gt;Right&lt;/TextAlign&gt;
                              &lt;/Style&gt;
                            &lt;/Paragraph&gt;
                          &lt;/Paragraphs&gt;
                          &lt;rd:DefaultName&gt;Textbox333&lt;/rd:DefaultName&gt;
                          &lt;Style&gt;
                            &lt;Border&gt;
                              &lt;Style&gt;None&lt;/Style&gt;
                            &lt;/Border&gt;
                            &lt;BottomBorder&gt;
                              &lt;Style&gt;Solid&lt;/Style&gt;
                            &lt;/BottomBorder&gt;
                            &lt;VerticalAlign&gt;Bottom&lt;/VerticalAlign&gt;
                            &lt;PaddingLeft&gt;2pt&lt;/PaddingLeft&gt;
                            &lt;PaddingRight&gt;2pt&lt;/PaddingRight&gt;
                          &lt;/Style&gt;
                        &lt;/Textbox&gt;
                      &lt;/CellContents&gt;
                    &lt;/TablixCell&gt;
                    &lt;TablixCell&gt;
                      &lt;CellContents&gt;
                        &lt;Textbox Name="Textbox343"&gt;
                          &lt;CanGrow&gt;true&lt;/CanGrow&gt;
                          &lt;KeepTogether&gt;true&lt;/KeepTogether&gt;
                          &lt;Paragraphs&gt;
                            &lt;Paragraph&gt;
                              &lt;TextRuns&gt;
                                &lt;TextRun&gt;
                                  &lt;Value&gt;Quantity&lt;/Value&gt;
                                  &lt;Style&gt;
                                    &lt;FontFamily&gt;Segoe UI&lt;/FontFamily&gt;
                                    &lt;FontSize&gt;8pt&lt;/FontSize&gt;
                                    &lt;FontWeight&gt;Bold&lt;/FontWeight&gt;
                                  &lt;/Style&gt;
                                &lt;/TextRun&gt;
                              &lt;/TextRuns&gt;
                              &lt;Style&gt;
                                &lt;TextAlign&gt;Right&lt;/TextAlign&gt;
                              &lt;/Style&gt;
                            &lt;/Paragraph&gt;
                          &lt;/Paragraphs&gt;
                          &lt;rd:DefaultName&gt;Textbox343&lt;/rd:DefaultName&gt;
                          &lt;Style&gt;
                            &lt;Border&gt;
                              &lt;Style&gt;None&lt;/Style&gt;
                            &lt;/Border&gt;
                            &lt;BottomBorder&gt;
                              &lt;Style&gt;Solid&lt;/Style&gt;
                            &lt;/BottomBorder&gt;
                            &lt;VerticalAlign&gt;Bottom&lt;/VerticalAlign&gt;
                            &lt;PaddingLeft&gt;2pt&lt;/PaddingLeft&gt;
                            &lt;PaddingRight&gt;2pt&lt;/PaddingRight&gt;
                          &lt;/Style&gt;
                        &lt;/Textbox&gt;
                      &lt;/CellContents&gt;
                    &lt;/TablixCell&gt;
                    &lt;TablixCell&gt;
                      &lt;CellContents&gt;
                        &lt;Textbox Name="Textbox340"&gt;
                          &lt;CanGrow&gt;true&lt;/CanGrow&gt;
                          &lt;KeepTogether&gt;true&lt;/KeepTogether&gt;
                          &lt;Paragraphs&gt;
                            &lt;Paragraph&gt;
                              &lt;TextRuns&gt;
                                &lt;TextRun&gt;
                                  &lt;Value&gt;Total Price&lt;/Value&gt;
                                  &lt;Style&gt;
                                    &lt;FontFamily&gt;Segoe UI&lt;/FontFamily&gt;
                                    &lt;FontSize&gt;8pt&lt;/FontSize&gt;
                                    &lt;FontWeight&gt;Bold&lt;/FontWeight&gt;
                                  &lt;/Style&gt;
                                &lt;/TextRun&gt;
                              &lt;/TextRuns&gt;
                              &lt;Style&gt;
                                &lt;TextAlign&gt;Right&lt;/TextAlign&gt;
                              &lt;/Style&gt;
                            &lt;/Paragraph&gt;
                          &lt;/Paragraphs&gt;
                          &lt;rd:DefaultName&gt;Textbox340&lt;/rd:DefaultName&gt;
                          &lt;Style&gt;
                            &lt;Border&gt;
                              &lt;Style&gt;None&lt;/Style&gt;
                            &lt;/Border&gt;
                            &lt;BottomBorder&gt;
                              &lt;Style&gt;Solid&lt;/Style&gt;
                            &lt;/BottomBorder&gt;
                            &lt;VerticalAlign&gt;Bottom&lt;/VerticalAlign&gt;
                            &lt;PaddingLeft&gt;2pt&lt;/PaddingLeft&gt;
                            &lt;PaddingRight&gt;2pt&lt;/PaddingRight&gt;
                          &lt;/Style&gt;
                        &lt;/Textbox&gt;
                      &lt;/CellContents&gt;
                    &lt;/TablixCell&gt;
                  &lt;/TablixCells&gt;
                &lt;/TablixRow&gt;
                &lt;TablixRow&gt;
                  &lt;Height&gt;0.0625in&lt;/Height&gt;
                  &lt;TablixCells&gt;
                    &lt;TablixCell&gt;
                      &lt;CellContents&gt;
                        &lt;Textbox Name="Textbox322"&gt;
                          &lt;CanGrow&gt;true&lt;/CanGrow&gt;
                          &lt;KeepTogether&gt;true&lt;/KeepTogether&gt;
                          &lt;Paragraphs&gt;
                            &lt;Paragraph&gt;
                              &lt;TextRuns&gt;
                                &lt;TextRun&gt;
                                  &lt;Value /&gt;
                                  &lt;Style&gt;
                                    &lt;FontFamily&gt;Segoe UI&lt;/FontFamily&gt;
                                    &lt;FontSize&gt;8pt&lt;/FontSize&gt;
                                    &lt;FontWeight&gt;Bold&lt;/FontWeight&gt;
                                  &lt;/Style&gt;
                                &lt;/TextRun&gt;
                              &lt;/TextRuns&gt;
                              &lt;Style&gt;
                                &lt;TextAlign&gt;Left&lt;/TextAlign&gt;
                              &lt;/Style&gt;
                            &lt;/Paragraph&gt;
                          &lt;/Paragraphs&gt;
                          &lt;rd:DefaultName&gt;Textbox322&lt;/rd:DefaultName&gt;
                          &lt;Style&gt;
                            &lt;Border&gt;
                              &lt;Style&gt;None&lt;/Style&gt;
                            &lt;/Border&gt;
                            &lt;VerticalAlign&gt;Bottom&lt;/VerticalAlign&gt;
                            &lt;PaddingLeft&gt;2pt&lt;/PaddingLeft&gt;
                            &lt;PaddingRight&gt;2pt&lt;/PaddingRight&gt;
                          &lt;/Style&gt;
                        &lt;/Textbox&gt;
                      &lt;/CellContents&gt;
                    &lt;/TablixCell&gt;
                    &lt;TablixCell&gt;
                      &lt;CellContents&gt;
                        &lt;Textbox Name="Textbox325"&gt;
                          &lt;CanGrow&gt;true&lt;/CanGrow&gt;
                          &lt;KeepTogether&gt;true&lt;/KeepTogether&gt;
                          &lt;Paragraphs&gt;
                            &lt;Paragraph&gt;
                              &lt;TextRuns&gt;
                                &lt;TextRun&gt;
                                  &lt;Value /&gt;
                                  &lt;Style&gt;
                                    &lt;FontFamily&gt;Segoe UI&lt;/FontFamily&gt;
                                    &lt;FontSize&gt;8pt&lt;/FontSize&gt;
                                    &lt;FontWeight&gt;Bold&lt;/FontWeight&gt;
                                  &lt;/Style&gt;
                                &lt;/TextRun&gt;
                              &lt;/TextRuns&gt;
                              &lt;Style&gt;
                                &lt;TextAlign&gt;Left&lt;/TextAlign&gt;
                              &lt;/Style&gt;
                            &lt;/Paragraph&gt;
                          &lt;/Paragraphs&gt;
                          &lt;rd:DefaultName&gt;Textbox325&lt;/rd:DefaultName&gt;
                          &lt;Style&gt;
                            &lt;Border&gt;
                              &lt;Style&gt;None&lt;/Style&gt;
                            &lt;/Border&gt;
                            &lt;VerticalAlign&gt;Bottom&lt;/VerticalAlign&gt;
                            &lt;PaddingLeft&gt;2pt&lt;/PaddingLeft&gt;
                            &lt;PaddingRight&gt;2pt&lt;/PaddingRight&gt;
                          &lt;/Style&gt;
                        &lt;/Textbox&gt;
                      &lt;/CellContents&gt;
                    &lt;/TablixCell&gt;
                    &lt;TablixCell&gt;
                      &lt;CellContents&gt;
                        &lt;Textbox Name="Textbox328"&gt;
                          &lt;CanGrow&gt;true&lt;/CanGrow&gt;
                          &lt;KeepTogether&gt;true&lt;/KeepTogether&gt;
                          &lt;Paragraphs&gt;
                            &lt;Paragraph&gt;
                              &lt;TextRuns&gt;
                                &lt;TextRun&gt;
                                  &lt;Value /&gt;
                                  &lt;Style&gt;
                                    &lt;FontFamily&gt;Segoe UI&lt;/FontFamily&gt;
                                    &lt;FontSize&gt;8pt&lt;/FontSize&gt;
                                    &lt;FontWeight&gt;Bold&lt;/FontWeight&gt;
                                  &lt;/Style&gt;
                                &lt;/TextRun&gt;
                              &lt;/TextRuns&gt;
                              &lt;Style&gt;
                                &lt;TextAlign&gt;Left&lt;/TextAlign&gt;
                              &lt;/Style&gt;
                            &lt;/Paragraph&gt;
                          &lt;/Paragraphs&gt;
                          &lt;rd:DefaultName&gt;Textbox328&lt;/rd:DefaultName&gt;
                          &lt;Style&gt;
                            &lt;Border&gt;
                              &lt;Style&gt;None&lt;/Style&gt;
                            &lt;/Border&gt;
                            &lt;VerticalAlign&gt;Bottom&lt;/VerticalAlign&gt;
                            &lt;PaddingLeft&gt;2pt&lt;/PaddingLeft&gt;
                            &lt;PaddingRight&gt;2pt&lt;/PaddingRight&gt;
                          &lt;/Style&gt;
                        &lt;/Textbox&gt;
                      &lt;/CellContents&gt;
                    &lt;/TablixCell&gt;
                    &lt;TablixCell&gt;
                      &lt;CellContents&gt;
                        &lt;Textbox Name="Textbox331"&gt;
                          &lt;CanGrow&gt;true&lt;/CanGrow&gt;
                          &lt;KeepTogether&gt;true&lt;/KeepTogether&gt;
                          &lt;Paragraphs&gt;
                            &lt;Paragraph&gt;
                              &lt;TextRuns&gt;
                                &lt;TextRun&gt;
                                  &lt;Value /&gt;
                                  &lt;Style&gt;
                                    &lt;FontFamily&gt;Segoe UI&lt;/FontFamily&gt;
                                    &lt;FontSize&gt;8pt&lt;/FontSize&gt;
                                    &lt;FontWeight&gt;Bold&lt;/FontWeight&gt;
                                  &lt;/Style&gt;
                                &lt;/TextRun&gt;
                              &lt;/TextRuns&gt;
                              &lt;Style&gt;
                                &lt;TextAlign&gt;Left&lt;/TextAlign&gt;
                              &lt;/Style&gt;
                            &lt;/Paragraph&gt;
                          &lt;/Paragraphs&gt;
                          &lt;rd:DefaultName&gt;Textbox331&lt;/rd:DefaultName&gt;
                          &lt;Style&gt;
                            &lt;Border&gt;
                              &lt;Style&gt;None&lt;/Style&gt;
                            &lt;/Border&gt;
                            &lt;VerticalAlign&gt;Bottom&lt;/VerticalAlign&gt;
                            &lt;PaddingLeft&gt;2pt&lt;/PaddingLeft&gt;
                            &lt;PaddingRight&gt;2pt&lt;/PaddingRight&gt;
                          &lt;/Style&gt;
                        &lt;/Textbox&gt;
                      &lt;/CellContents&gt;
                    &lt;/TablixCell&gt;
                    &lt;TablixCell&gt;
                      &lt;CellContents&gt;
                        &lt;Textbox Name="Textbox334"&gt;
                          &lt;CanGrow&gt;true&lt;/CanGrow&gt;
                          &lt;KeepTogether&gt;true&lt;/KeepTogether&gt;
                          &lt;Paragraphs&gt;
                            &lt;Paragraph&gt;
                              &lt;TextRuns&gt;
                                &lt;TextRun&gt;
                                  &lt;Value /&gt;
                                  &lt;Style&gt;
                                    &lt;FontFamily&gt;Segoe UI&lt;/FontFamily&gt;
                                    &lt;FontSize&gt;8pt&lt;/FontSize&gt;
                                    &lt;FontWeight&gt;Bold&lt;/FontWeight&gt;
                                  &lt;/Style&gt;
                                &lt;/TextRun&gt;
                              &lt;/TextRuns&gt;
                              &lt;Style&gt;
                                &lt;TextAlign&gt;Left&lt;/TextAlign&gt;
                              &lt;/Style&gt;
                            &lt;/Paragraph&gt;
                          &lt;/Paragraphs&gt;
                          &lt;rd:DefaultName&gt;Textbox334&lt;/rd:DefaultName&gt;
                          &lt;Style&gt;
                            &lt;Border&gt;
                              &lt;Style&gt;None&lt;/Style&gt;
                            &lt;/Border&gt;
                            &lt;VerticalAlign&gt;Bottom&lt;/VerticalAlign&gt;
                            &lt;PaddingLeft&gt;2pt&lt;/PaddingLeft&gt;
                            &lt;PaddingRight&gt;2pt&lt;/PaddingRight&gt;
                          &lt;/Style&gt;
                        &lt;/Textbox&gt;
                      &lt;/CellContents&gt;
                    &lt;/TablixCell&gt;
                    &lt;TablixCell&gt;
                      &lt;CellContents&gt;
                        &lt;Textbox Name="Textbox344"&gt;
                          &lt;CanGrow&gt;true&lt;/CanGrow&gt;
                          &lt;KeepTogether&gt;true&lt;/KeepTogether&gt;
                          &lt;Paragraphs&gt;
                            &lt;Paragraph&gt;
                              &lt;TextRuns&gt;
                                &lt;TextRun&gt;
                                  &lt;Value /&gt;
                                  &lt;Style&gt;
                                    &lt;FontFamily&gt;Segoe UI&lt;/FontFamily&gt;
                                    &lt;FontSize&gt;8pt&lt;/FontSize&gt;
                                    &lt;FontWeight&gt;Bold&lt;/FontWeight&gt;
                                  &lt;/Style&gt;
                                &lt;/TextRun&gt;
                              &lt;/TextRuns&gt;
                              &lt;Style&gt;
                                &lt;TextAlign&gt;Left&lt;/TextAlign&gt;
                              &lt;/Style&gt;
                            &lt;/Paragraph&gt;
                          &lt;/Paragraphs&gt;
                          &lt;rd:DefaultName&gt;Textbox344&lt;/rd:DefaultName&gt;
                          &lt;Style&gt;
                            &lt;Border&gt;
                              &lt;Style&gt;None&lt;/Style&gt;
                            &lt;/Border&gt;
                            &lt;VerticalAlign&gt;Bottom&lt;/VerticalAlign&gt;
                            &lt;PaddingLeft&gt;2pt&lt;/PaddingLeft&gt;
                            &lt;PaddingRight&gt;2pt&lt;/PaddingRight&gt;
                          &lt;/Style&gt;
                        &lt;/Textbox&gt;
                      &lt;/CellContents&gt;
                    &lt;/TablixCell&gt;
                    &lt;TablixCell&gt;
                      &lt;CellContents&gt;
                        &lt;Textbox Name="Textbox341"&gt;
                          &lt;CanGrow&gt;true&lt;/CanGrow&gt;
                          &lt;KeepTogether&gt;true&lt;/KeepTogether&gt;
                          &lt;Paragraphs&gt;
                            &lt;Paragraph&gt;
                              &lt;TextRuns&gt;
                                &lt;TextRun&gt;
                                  &lt;Value /&gt;
                                  &lt;Style&gt;
                                    &lt;FontFamily&gt;Segoe UI&lt;/FontFamily&gt;
                                    &lt;FontSize&gt;8pt&lt;/FontSize&gt;
                                    &lt;FontWeight&gt;Bold&lt;/FontWeight&gt;
                                  &lt;/Style&gt;
                                &lt;/TextRun&gt;
                              &lt;/TextRuns&gt;
                              &lt;Style&gt;
                                &lt;TextAlign&gt;Left&lt;/TextAlign&gt;
                              &lt;/Style&gt;
                            &lt;/Paragraph&gt;
                          &lt;/Paragraphs&gt;
                          &lt;rd:DefaultName&gt;Textbox341&lt;/rd:DefaultName&gt;
                          &lt;Style&gt;
                            &lt;Border&gt;
                              &lt;Style&gt;None&lt;/Style&gt;
                            &lt;/Border&gt;
                            &lt;VerticalAlign&gt;Bottom&lt;/VerticalAlign&gt;
                            &lt;PaddingLeft&gt;2pt&lt;/PaddingLeft&gt;
                            &lt;PaddingRight&gt;2pt&lt;/PaddingRight&gt;
                          &lt;/Style&gt;
                        &lt;/Textbox&gt;
                      &lt;/CellContents&gt;
                    &lt;/TablixCell&gt;
                  &lt;/TablixCells&gt;
                &lt;/TablixRow&gt;
                &lt;TablixRow&gt;
                  &lt;Height&gt;0.16in&lt;/Height&gt;
                  &lt;TablixCells&gt;
                    &lt;TablixCell&gt;
                      &lt;CellContents&gt;
                        &lt;Textbox Name="LineNumber"&gt;
                          &lt;CanGrow&gt;true&lt;/CanGrow&gt;
                          &lt;KeepTogether&gt;true&lt;/KeepTogether&gt;
                          &lt;Paragraphs&gt;
                            &lt;Paragraph&gt;
                              &lt;TextRuns&gt;
                                &lt;TextRun&gt;
                                  &lt;Value&gt;=Fields!LineNumber.Value&lt;/Value&gt;
                                  &lt;Style&gt;
                                    &lt;FontFamily&gt;Segoe UI&lt;/FontFamily&gt;
                                    &lt;FontSize&gt;8pt&lt;/FontSize&gt;
                                  &lt;/Style&gt;
                                &lt;/TextRun&gt;
                              &lt;/TextRuns&gt;
                              &lt;Style&gt;
                                &lt;TextAlign&gt;Right&lt;/TextAlign&gt;
                              &lt;/Style&gt;
                            &lt;/Paragraph&gt;
                          &lt;/Paragraphs&gt;
                          &lt;rd:DefaultName&gt;LineNumber&lt;/rd:DefaultName&gt;
                          &lt;CustomProperties&gt;
                            &lt;CustomProperty&gt;
                              &lt;Name&gt;AXDataType&lt;/Name&gt;
                              &lt;Value&gt;Integer&lt;/Value&gt;
                            &lt;/CustomProperty&gt;
                            &lt;CustomProperty&gt;
                              &lt;Name&gt;AXEDTFormat&lt;/Name&gt;
                              &lt;Value&gt;RSOrderReportLine.LineNumber&lt;/Value&gt;
                            &lt;/CustomProperty&gt;
                            &lt;CustomProperty&gt;
                              &lt;Name&gt;AXEDTTextAlign&lt;/Name&gt;
                              &lt;Value&gt;RSOrderReportLine.LineNumber&lt;/Value&gt;
                            &lt;/CustomProperty&gt;
                            &lt;CustomProperty&gt;
                              &lt;Name&gt;AXEDTDirection&lt;/Name&gt;
                              &lt;Value&gt;RSOrderReportLine.LineNumber&lt;/Value&gt;
                            &lt;/CustomProperty&gt;
                          &lt;/CustomProperties&gt;
                          &lt;Style&gt;
                            &lt;PaddingLeft&gt;2pt&lt;/PaddingLeft&gt;
                            &lt;PaddingRight&gt;2pt&lt;/PaddingRight&gt;
                          &lt;/Style&gt;
                        &lt;/Textbox&gt;
                      &lt;/CellContents&gt;
                    &lt;/TablixCell&gt;
                    &lt;TablixCell&gt;
                      &lt;CellContents&gt;
                        &lt;Textbox Name="FoodItemName"&gt;
                          &lt;CanGrow&gt;true&lt;/CanGrow&gt;
                          &lt;KeepTogether&gt;true&lt;/KeepTogether&gt;
                          &lt;Paragraphs&gt;
                            &lt;Paragraph&gt;
                              &lt;TextRuns&gt;
                                &lt;TextRun&gt;
                                  &lt;Value&gt;=Fields!FoodItemName.Value&lt;/Value&gt;
                                  &lt;Style&gt;
                                    &lt;FontFamily&gt;Segoe UI&lt;/FontFamily&gt;
                                    &lt;FontSize&gt;8pt&lt;/FontSize&gt;
                                  &lt;/Style&gt;
                                &lt;/TextRun&gt;
                              &lt;/TextRuns&gt;
                              &lt;Style&gt;
                                &lt;TextAlign&gt;Right&lt;/TextAlign&gt;
                              &lt;/Style&gt;
                            &lt;/Paragraph&gt;
                          &lt;/Paragraphs&gt;
                          &lt;rd:DefaultName&gt;FoodItemName&lt;/rd:DefaultName&gt;
                          &lt;CustomProperties&gt;
                            &lt;CustomProperty&gt;
                              &lt;Name&gt;AXDataType&lt;/Name&gt;
                              &lt;Value&gt;String&lt;/Value&gt;
                            &lt;/CustomProperty&gt;
                            &lt;CustomProperty&gt;
                              &lt;Name&gt;AXEDTFormat&lt;/Name&gt;
                              &lt;Value&gt;RSOrderReportLine.FoodItemName&lt;/Value&gt;
                            &lt;/CustomProperty&gt;
                            &lt;CustomProperty&gt;
                              &lt;Name&gt;AXEDTTextAlign&lt;/Name&gt;
                              &lt;Value&gt;RSOrderReportLine.FoodItemName&lt;/Value&gt;
                            &lt;/CustomProperty&gt;
                            &lt;CustomProperty&gt;
                              &lt;Name&gt;AXEDTDirection&lt;/Name&gt;
                              &lt;Value&gt;RSOrderReportLine.FoodItemName&lt;/Value&gt;
                            &lt;/CustomProperty&gt;
                          &lt;/CustomProperties&gt;
                          &lt;Style&gt;
                            &lt;PaddingLeft&gt;2pt&lt;/PaddingLeft&gt;
                            &lt;PaddingRight&gt;2pt&lt;/PaddingRight&gt;
                          &lt;/Style&gt;
                        &lt;/Textbox&gt;
                      &lt;/CellContents&gt;
                    &lt;/TablixCell&gt;
                    &lt;TablixCell&gt;
                      &lt;CellContents&gt;
                        &lt;Textbox Name="PricePerItem"&gt;
                          &lt;CanGrow&gt;true&lt;/CanGrow&gt;
                          &lt;KeepTogether&gt;true&lt;/KeepTogether&gt;
                          &lt;Paragraphs&gt;
                            &lt;Paragraph&gt;
                              &lt;TextRuns&gt;
                                &lt;TextRun&gt;
                                  &lt;Value&gt;=Fields!PricePerItem.Value&lt;/Value&gt;
                                  &lt;Style&gt;
                                    &lt;FontFamily&gt;Segoe UI&lt;/FontFamily&gt;
                                    &lt;FontSize&gt;8pt&lt;/FontSize&gt;
                                  &lt;/Style&gt;
                                &lt;/TextRun&gt;
                              &lt;/TextRuns&gt;
                              &lt;Style&gt;
                                &lt;TextAlign&gt;Right&lt;/TextAlign&gt;
                              &lt;/Style&gt;
                            &lt;/Paragraph&gt;
                          &lt;/Paragraphs&gt;
                          &lt;rd:DefaultName&gt;PricePerItem&lt;/rd:DefaultName&gt;
                          &lt;CustomProperties&gt;
                            &lt;CustomProperty&gt;
                              &lt;Name&gt;AXDataType&lt;/Name&gt;
                              &lt;Value&gt;Float&lt;/Value&gt;
                            &lt;/CustomProperty&gt;
                            &lt;CustomProperty&gt;
                              &lt;Name&gt;AXEDTFormat&lt;/Name&gt;
                              &lt;Value&gt;RSOrderReportLine.PricePerItem&lt;/Value&gt;
                            &lt;/CustomProperty&gt;
                            &lt;CustomProperty&gt;
                              &lt;Name&gt;AXEDTTextAlign&lt;/Name&gt;
                              &lt;Value&gt;RSOrderReportLine.PricePerItem&lt;/Value&gt;
                            &lt;/CustomProperty&gt;
                            &lt;CustomProperty&gt;
                              &lt;Name&gt;AXEDTDirection&lt;/Name&gt;
                              &lt;Value&gt;RSOrderReportLine.PricePerItem&lt;/Value&gt;
                            &lt;/CustomProperty&gt;
                          &lt;/CustomProperties&gt;
                          &lt;Style&gt;
                            &lt;PaddingLeft&gt;2pt&lt;/PaddingLeft&gt;
                            &lt;PaddingRight&gt;2pt&lt;/PaddingRight&gt;
                          &lt;/Style&gt;
                        &lt;/Textbox&gt;
                      &lt;/CellContents&gt;
                    &lt;/TablixCell&gt;
                    &lt;TablixCell&gt;
                      &lt;CellContents&gt;
                        &lt;Textbox Name="DiscountPerItem"&gt;
                          &lt;CanGrow&gt;true&lt;/CanGrow&gt;
                          &lt;KeepTogether&gt;true&lt;/KeepTogether&gt;
                          &lt;Paragraphs&gt;
                            &lt;Paragraph&gt;
                              &lt;TextRuns&gt;
                                &lt;TextRun&gt;
                                  &lt;Value&gt;=Fields!DiscountPerItem.Value&lt;/Value&gt;
                                  &lt;Style&gt;
                                    &lt;FontFamily&gt;Segoe UI&lt;/FontFamily&gt;
                                    &lt;FontSize&gt;8pt&lt;/FontSize&gt;
                                  &lt;/Style&gt;
                                &lt;/TextRun&gt;
                              &lt;/TextRuns&gt;
                              &lt;Style&gt;
                                &lt;TextAlign&gt;Right&lt;/TextAlign&gt;
                              &lt;/Style&gt;
                            &lt;/Paragraph&gt;
                          &lt;/Paragraphs&gt;
                          &lt;rd:DefaultName&gt;DiscountPerItem&lt;/rd:DefaultName&gt;
                          &lt;CustomProperties&gt;
                            &lt;CustomProperty&gt;
                              &lt;Name&gt;AXDataType&lt;/Name&gt;
                              &lt;Value&gt;Float&lt;/Value&gt;
                            &lt;/CustomProperty&gt;
                            &lt;CustomProperty&gt;
                              &lt;Name&gt;AXEDTFormat&lt;/Name&gt;
                              &lt;Value&gt;RSOrderReportLine.DiscountPerItem&lt;/Value&gt;
                            &lt;/CustomProperty&gt;
                            &lt;CustomProperty&gt;
                              &lt;Name&gt;AXEDTTextAlign&lt;/Name&gt;
                              &lt;Value&gt;RSOrderReportLine.DiscountPerItem&lt;/Value&gt;
                            &lt;/CustomProperty&gt;
                            &lt;CustomProperty&gt;
                              &lt;Name&gt;AXEDTDirection&lt;/Name&gt;
                              &lt;Value&gt;RSOrderReportLine.DiscountPerItem&lt;/Value&gt;
                            &lt;/CustomProperty&gt;
                          &lt;/CustomProperties&gt;
                          &lt;Style&gt;
                            &lt;PaddingLeft&gt;2pt&lt;/PaddingLeft&gt;
                            &lt;PaddingRight&gt;2pt&lt;/PaddingRight&gt;
                          &lt;/Style&gt;
                        &lt;/Textbox&gt;
                      &lt;/CellContents&gt;
                    &lt;/TablixCell&gt;
                    &lt;TablixCell&gt;
                      &lt;CellContents&gt;
                        &lt;Textbox Name="PriceAfterDiscount"&gt;
                          &lt;CanGrow&gt;true&lt;/CanGrow&gt;
                          &lt;KeepTogether&gt;true&lt;/KeepTogether&gt;
                          &lt;Paragraphs&gt;
                            &lt;Paragraph&gt;
                              &lt;TextRuns&gt;
                                &lt;TextRun&gt;
                                  &lt;Value&gt;=Fields!PriceAfterDiscount.Value&lt;/Value&gt;
                                  &lt;Style&gt;
                                    &lt;FontFamily&gt;Segoe UI&lt;/FontFamily&gt;
                                    &lt;FontSize&gt;8pt&lt;/FontSize&gt;
                                  &lt;/Style&gt;
                                &lt;/TextRun&gt;
                              &lt;/TextRuns&gt;
                              &lt;Style&gt;
                                &lt;TextAlign&gt;Right&lt;/TextAlign&gt;
                              &lt;/Style&gt;
                            &lt;/Paragraph&gt;
                          &lt;/Paragraphs&gt;
                          &lt;rd:DefaultName&gt;PriceAfterDiscount&lt;/rd:DefaultName&gt;
                          &lt;CustomProperties&gt;
                            &lt;CustomProperty&gt;
                              &lt;Name&gt;AXDataType&lt;/Name&gt;
                              &lt;Value&gt;Float&lt;/Value&gt;
                            &lt;/CustomProperty&gt;
                            &lt;CustomProperty&gt;
                              &lt;Name&gt;AXEDTFormat&lt;/Name&gt;
                              &lt;Value&gt;RSOrderReportLine.PriceAfterDiscount&lt;/Value&gt;
                            &lt;/CustomProperty&gt;
                            &lt;CustomProperty&gt;
                              &lt;Name&gt;AXEDTTextAlign&lt;/Name&gt;
                              &lt;Value&gt;RSOrderReportLine.PriceAfterDiscount&lt;/Value&gt;
                            &lt;/CustomProperty&gt;
                            &lt;CustomProperty&gt;
                              &lt;Name&gt;AXEDTDirection&lt;/Name&gt;
                              &lt;Value&gt;RSOrderReportLine.PriceAfterDiscount&lt;/Value&gt;
                            &lt;/CustomProperty&gt;
                          &lt;/CustomProperties&gt;
                          &lt;Style&gt;
                            &lt;PaddingLeft&gt;2pt&lt;/PaddingLeft&gt;
                            &lt;PaddingRight&gt;2pt&lt;/PaddingRight&gt;
                          &lt;/Style&gt;
                        &lt;/Textbox&gt;
                      &lt;/CellContents&gt;
                    &lt;/TablixCell&gt;
                    &lt;TablixCell&gt;
                      &lt;CellContents&gt;
                        &lt;Textbox Name="Quantity"&gt;
                          &lt;CanGrow&gt;true&lt;/CanGrow&gt;
                          &lt;KeepTogether&gt;true&lt;/KeepTogether&gt;
                          &lt;Paragraphs&gt;
                            &lt;Paragraph&gt;
                              &lt;TextRuns&gt;
                                &lt;TextRun&gt;
                                  &lt;Value&gt;=Fields!Quantity.Value&lt;/Value&gt;
                                  &lt;Style&gt;
                                    &lt;FontFamily&gt;Segoe UI&lt;/FontFamily&gt;
                                    &lt;FontSize&gt;8pt&lt;/FontSize&gt;
                                  &lt;/Style&gt;
                                &lt;/TextRun&gt;
                              &lt;/TextRuns&gt;
                              &lt;Style&gt;
                                &lt;TextAlign&gt;Right&lt;/TextAlign&gt;
                              &lt;/Style&gt;
                            &lt;/Paragraph&gt;
                          &lt;/Paragraphs&gt;
                          &lt;rd:DefaultName&gt;Quantity&lt;/rd:DefaultName&gt;
                          &lt;CustomProperties&gt;
                            &lt;CustomProperty&gt;
                              &lt;Name&gt;AXDataType&lt;/Name&gt;
                              &lt;Value&gt;Float&lt;/Value&gt;
                            &lt;/CustomProperty&gt;
                            &lt;CustomProperty&gt;
                              &lt;Name&gt;AXEDTFormat&lt;/Name&gt;
                              &lt;Value&gt;RSOrderReportLine.Quantity&lt;/Value&gt;
                            &lt;/CustomProperty&gt;
                            &lt;CustomProperty&gt;
                              &lt;Name&gt;AXEDTTextAlign&lt;/Name&gt;
                              &lt;Value&gt;RSOrderReportLine.Quantity&lt;/Value&gt;
                            &lt;/CustomProperty&gt;
                            &lt;CustomProperty&gt;
                              &lt;Name&gt;AXEDTDirection&lt;/Name&gt;
                              &lt;Value&gt;RSOrderReportLine.Quantity&lt;/Value&gt;
                            &lt;/CustomProperty&gt;
                          &lt;/CustomProperties&gt;
                          &lt;Style&gt;
                            &lt;PaddingLeft&gt;2pt&lt;/PaddingLeft&gt;
                            &lt;PaddingRight&gt;2pt&lt;/PaddingRight&gt;
                          &lt;/Style&gt;
                        &lt;/Textbox&gt;
                      &lt;/CellContents&gt;
                    &lt;/TablixCell&gt;
                    &lt;TablixCell&gt;
                      &lt;CellContents&gt;
                        &lt;Textbox Name="TotalPrice"&gt;
                          &lt;CanGrow&gt;true&lt;/CanGrow&gt;
                          &lt;KeepTogether&gt;true&lt;/KeepTogether&gt;
                          &lt;Paragraphs&gt;
                            &lt;Paragraph&gt;
                              &lt;TextRuns&gt;
                                &lt;TextRun&gt;
                                  &lt;Value&gt;=Fields!TotalPrice.Value&lt;/Value&gt;
                                  &lt;Style&gt;
                                    &lt;FontFamily&gt;Segoe UI&lt;/FontFamily&gt;
                                    &lt;FontSize&gt;8pt&lt;/FontSize&gt;
                                  &lt;/Style&gt;
                                &lt;/TextRun&gt;
                              &lt;/TextRuns&gt;
                              &lt;Style&gt;
                                &lt;TextAlign&gt;Right&lt;/TextAlign&gt;
                              &lt;/Style&gt;
                            &lt;/Paragraph&gt;
                          &lt;/Paragraphs&gt;
                          &lt;rd:DefaultName&gt;TotalPrice&lt;/rd:DefaultName&gt;
                          &lt;CustomProperties&gt;
                            &lt;CustomProperty&gt;
                              &lt;Name&gt;AXDataType&lt;/Name&gt;
                              &lt;Value&gt;Float&lt;/Value&gt;
                            &lt;/CustomProperty&gt;
                            &lt;CustomProperty&gt;
                              &lt;Name&gt;AXEDTFormat&lt;/Name&gt;
                              &lt;Value&gt;RSOrderReportLine.TotalPrice&lt;/Value&gt;
                            &lt;/CustomProperty&gt;
                            &lt;CustomProperty&gt;
                              &lt;Name&gt;AXEDTTextAlign&lt;/Name&gt;
                              &lt;Value&gt;RSOrderReportLine.TotalPrice&lt;/Value&gt;
                            &lt;/CustomProperty&gt;
                            &lt;CustomProperty&gt;
                              &lt;Name&gt;AXEDTDirection&lt;/Name&gt;
                              &lt;Value&gt;RSOrderReportLine.TotalPrice&lt;/Value&gt;
                            &lt;/CustomProperty&gt;
                          &lt;/CustomProperties&gt;
                          &lt;Style&gt;
                            &lt;PaddingLeft&gt;2pt&lt;/PaddingLeft&gt;
                            &lt;PaddingRight&gt;2pt&lt;/PaddingRight&gt;
                          &lt;/Style&gt;
                        &lt;/Textbox&gt;
                      &lt;/CellContents&gt;
                    &lt;/TablixCell&gt;
                  &lt;/TablixCells&gt;
                &lt;/TablixRow&gt;
              &lt;/TablixRows&gt;
            &lt;/TablixBody&gt;
            &lt;TablixColumnHierarchy&gt;
              &lt;TablixMembers&gt;
                &lt;TablixMember /&gt;
                &lt;TablixMember /&gt;
                &lt;TablixMember /&gt;
                &lt;TablixMember /&gt;
                &lt;TablixMember /&gt;
                &lt;TablixMember /&gt;
                &lt;TablixMember /&gt;
              &lt;/TablixMembers&gt;
            &lt;/TablixColumnHierarchy&gt;
            &lt;TablixRowHierarchy&gt;
              &lt;TablixMembers&gt;
                &lt;TablixMember&gt;
                  &lt;KeepWithGroup&gt;After&lt;/KeepWithGroup&gt;
                  &lt;RepeatOnNewPage&gt;true&lt;/RepeatOnNewPage&gt;
                  &lt;KeepTogether&gt;true&lt;/KeepTogether&gt;
                &lt;/TablixMember&gt;
                &lt;TablixMember&gt;
                  &lt;KeepWithGroup&gt;After&lt;/KeepWithGroup&gt;
                  &lt;RepeatOnNewPage&gt;true&lt;/RepeatOnNewPage&gt;
                &lt;/TablixMember&gt;
                &lt;TablixMember&gt;
                  &lt;Group Name="table9_Details_Group"&gt;
                    &lt;DataElementName&gt;Detail&lt;/DataElementName&gt;
                  &lt;/Group&gt;
                  &lt;TablixMembers&gt;
                    &lt;TablixMember /&gt;
                  &lt;/TablixMembers&gt;
                  &lt;DataElementName&gt;Detail_Collection&lt;/DataElementName&gt;
                  &lt;DataElementOutput&gt;Output&lt;/DataElementOutput&gt;
                  &lt;KeepTogether&gt;true&lt;/KeepTogether&gt;
                &lt;/TablixMember&gt;
              &lt;/TablixMembers&gt;
            &lt;/TablixRowHierarchy&gt;
            &lt;RepeatColumnHeaders&gt;true&lt;/RepeatColumnHeaders&gt;
            &lt;KeepTogether&gt;true&lt;/KeepTogether&gt;
            &lt;DataSetName&gt;OrderLine&lt;/DataSetName&gt;
            &lt;Top&gt;0.01771in&lt;/Top&gt;
            &lt;Height&gt;0.3825in&lt;/Height&gt;
            &lt;Width&gt;6.17709in&lt;/Width&gt;
            &lt;Visibility&gt;
              &lt;Hidden&gt;=CountRows("table9") = 0&lt;/Hidden&gt;
            &lt;/Visibility&gt;
            &lt;Style&gt;
              &lt;FontFamily&gt;Segoe UI&lt;/FontFamily&gt;
              &lt;FontSize&gt;8pt&lt;/FontSize&gt;
              &lt;FontWeight&gt;Bold&lt;/FontWeight&gt;
              &lt;PaddingLeft&gt;2pt&lt;/PaddingLeft&gt;
              &lt;PaddingRight&gt;2pt&lt;/PaddingRight&gt;
            &lt;/Style&gt;
          &lt;/Tablix&gt;
        &lt;/ReportItems&gt;
        &lt;Height&gt;3.92792in&lt;/Height&gt;
        &lt;Style /&gt;
      &lt;/Body&gt;
      &lt;Width&gt;6.17709in&lt;/Width&gt;
      &lt;Page&gt;
        &lt;PageHeader&gt;
          &lt;Height&gt;1.5in&lt;/Height&gt;
          &lt;PrintOnFirstPage&gt;true&lt;/PrintOnFirstPage&gt;
          &lt;PrintOnLastPage&gt;true&lt;/PrintOnLastPage&gt;
          &lt;ReportItems&gt;
            &lt;Textbox Name="textbox85"&gt;
              &lt;CanGrow&gt;true&lt;/CanGrow&gt;
              &lt;KeepTogether&gt;true&lt;/KeepTogether&gt;
              &lt;Paragraphs&gt;
                &lt;Paragraph&gt;
                  &lt;TextRuns&gt;
                    &lt;TextRun&gt;
                      &lt;Value&gt;Completed Time:&lt;/Value&gt;
                      &lt;Style&gt;
                        &lt;FontFamily&gt;Segoe UI&lt;/FontFamily&gt;
                        &lt;FontSize&gt;8pt&lt;/FontSize&gt;
                      &lt;/Style&gt;
                    &lt;/TextRun&gt;
                  &lt;/TextRuns&gt;
                  &lt;Style&gt;
                    &lt;TextAlign&gt;Left&lt;/TextAlign&gt;
                  &lt;/Style&gt;
                &lt;/Paragraph&gt;
              &lt;/Paragraphs&gt;
              &lt;Top&gt;1in&lt;/Top&gt;
              &lt;Height&gt;0.16in&lt;/Height&gt;
              &lt;Width&gt;1.5in&lt;/Width&gt;
              &lt;Style&gt;
                &lt;PaddingLeft&gt;2pt&lt;/PaddingLeft&gt;
                &lt;PaddingRight&gt;2pt&lt;/PaddingRight&gt;
              &lt;/Style&gt;
            &lt;/Textbox&gt;
            &lt;Textbox Name="textbox95"&gt;
              &lt;CanGrow&gt;true&lt;/CanGrow&gt;
              &lt;KeepTogether&gt;true&lt;/KeepTogether&gt;
              &lt;Paragraphs&gt;
                &lt;Paragraph&gt;
                  &lt;TextRuns&gt;
                    &lt;TextRun&gt;
                      &lt;Value&gt;Created Time&lt;/Value&gt;
                      &lt;Style&gt;
                        &lt;FontFamily&gt;Segoe UI&lt;/FontFamily&gt;
                        &lt;FontSize&gt;8pt&lt;/FontSize&gt;
                      &lt;/Style&gt;
                    &lt;/TextRun&gt;
                  &lt;/TextRuns&gt;
                  &lt;Style&gt;
                    &lt;TextAlign&gt;Left&lt;/TextAlign&gt;
                  &lt;/Style&gt;
                &lt;/Paragraph&gt;
              &lt;/Paragraphs&gt;
              &lt;Top&gt;0.84in&lt;/Top&gt;
              &lt;Height&gt;0.16in&lt;/Height&gt;
              &lt;Width&gt;1.5in&lt;/Width&gt;
              &lt;ZIndex&gt;1&lt;/ZIndex&gt;
              &lt;Style&gt;
                &lt;PaddingLeft&gt;2pt&lt;/PaddingLeft&gt;
                &lt;PaddingRight&gt;2pt&lt;/PaddingRight&gt;
              &lt;/Style&gt;
            &lt;/Textbox&gt;
            &lt;Textbox Name="textbox110"&gt;
              &lt;CanGrow&gt;true&lt;/CanGrow&gt;
              &lt;KeepTogether&gt;true&lt;/KeepTogether&gt;
              &lt;Paragraphs&gt;
                &lt;Paragraph&gt;
                  &lt;TextRuns&gt;
                    &lt;TextRun&gt;
                      &lt;Value&gt;Customer Account:&lt;/Value&gt;
                      &lt;Style&gt;
                        &lt;FontFamily&gt;Segoe UI&lt;/FontFamily&gt;
                        &lt;FontSize&gt;8pt&lt;/FontSize&gt;
                      &lt;/Style&gt;
                    &lt;/TextRun&gt;
                  &lt;/TextRuns&gt;
                  &lt;Style&gt;
                    &lt;TextAlign&gt;Left&lt;/TextAlign&gt;
                  &lt;/Style&gt;
                &lt;/Paragraph&gt;
              &lt;/Paragraphs&gt;
              &lt;Top&gt;0.68in&lt;/Top&gt;
              &lt;Height&gt;0.16in&lt;/Height&gt;
              &lt;Width&gt;1.5in&lt;/Width&gt;
              &lt;ZIndex&gt;2&lt;/ZIndex&gt;
              &lt;Style&gt;
                &lt;PaddingLeft&gt;2pt&lt;/PaddingLeft&gt;
                &lt;PaddingRight&gt;2pt&lt;/PaddingRight&gt;
              &lt;/Style&gt;
            &lt;/Textbox&gt;
            &lt;Textbox Name="textbox141"&gt;
              &lt;CanGrow&gt;true&lt;/CanGrow&gt;
              &lt;KeepTogether&gt;true&lt;/KeepTogether&gt;
              &lt;Paragraphs&gt;
                &lt;Paragraph&gt;
                  &lt;TextRuns&gt;
                    &lt;TextRun&gt;
                      &lt;Value&gt;Sales Id:&lt;/Value&gt;
                      &lt;Style&gt;
                        &lt;FontFamily&gt;Segoe UI&lt;/FontFamily&gt;
                        &lt;FontSize&gt;8pt&lt;/FontSize&gt;
                      &lt;/Style&gt;
                    &lt;/TextRun&gt;
                  &lt;/TextRuns&gt;
                  &lt;Style&gt;
                    &lt;TextAlign&gt;Left&lt;/TextAlign&gt;
                  &lt;/Style&gt;
                &lt;/Paragraph&gt;
              &lt;/Paragraphs&gt;
              &lt;Top&gt;0.52in&lt;/Top&gt;
              &lt;Height&gt;0.16in&lt;/Height&gt;
              &lt;Width&gt;1.5in&lt;/Width&gt;
              &lt;ZIndex&gt;3&lt;/ZIndex&gt;
              &lt;Style&gt;
                &lt;PaddingLeft&gt;2pt&lt;/PaddingLeft&gt;
                &lt;PaddingRight&gt;2pt&lt;/PaddingRight&gt;
              &lt;/Style&gt;
            &lt;/Textbox&gt;
            &lt;Textbox Name="textbox177"&gt;
              &lt;CanGrow&gt;true&lt;/CanGrow&gt;
              &lt;KeepTogether&gt;true&lt;/KeepTogether&gt;
              &lt;Paragraphs&gt;
                &lt;Paragraph&gt;
                  &lt;TextRuns&gt;
                    &lt;TextRun&gt;
                      &lt;Value&gt;Order Id:&lt;/Value&gt;
                      &lt;Style&gt;
                        &lt;FontFamily&gt;Segoe UI&lt;/FontFamily&gt;
                        &lt;FontSize&gt;8pt&lt;/FontSize&gt;
                      &lt;/Style&gt;
                    &lt;/TextRun&gt;
                  &lt;/TextRuns&gt;
                  &lt;Style&gt;
                    &lt;TextAlign&gt;Left&lt;/TextAlign&gt;
                  &lt;/Style&gt;
                &lt;/Paragraph&gt;
              &lt;/Paragraphs&gt;
              &lt;Top&gt;0.36in&lt;/Top&gt;
              &lt;Height&gt;0.16in&lt;/Height&gt;
              &lt;Width&gt;1.5in&lt;/Width&gt;
              &lt;ZIndex&gt;4&lt;/ZIndex&gt;
              &lt;Style&gt;
                &lt;PaddingLeft&gt;2pt&lt;/PaddingLeft&gt;
                &lt;PaddingRight&gt;2pt&lt;/PaddingRight&gt;
              &lt;/Style&gt;
            &lt;/Textbox&gt;
            &lt;Textbox Name="textbox142"&gt;
              &lt;CanGrow&gt;true&lt;/CanGrow&gt;
              &lt;KeepTogether&gt;true&lt;/KeepTogether&gt;
              &lt;Paragraphs&gt;
                &lt;Paragraph&gt;
                  &lt;TextRuns&gt;
                    &lt;TextRun&gt;
                      &lt;Value&gt;Order Confirmation&lt;/Value&gt;
                      &lt;Style&gt;
                        &lt;FontFamily&gt;Segoe UI&lt;/FontFamily&gt;
                        &lt;FontSize&gt;14pt&lt;/FontSize&gt;
                        &lt;FontWeight&gt;Bold&lt;/FontWeight&gt;
                      &lt;/Style&gt;
                    &lt;/TextRun&gt;
                  &lt;/TextRuns&gt;
                  &lt;Style&gt;
                    &lt;TextAlign&gt;Left&lt;/TextAlign&gt;
                  &lt;/Style&gt;
                &lt;/Paragraph&gt;
              &lt;/Paragraphs&gt;
              &lt;Top&gt;0.01in&lt;/Top&gt;
              &lt;Height&gt;0.25in&lt;/Height&gt;
              &lt;Width&gt;3.25in&lt;/Width&gt;
              &lt;ZIndex&gt;5&lt;/ZIndex&gt;
              &lt;Style&gt;
                &lt;VerticalAlign&gt;Middle&lt;/VerticalAlign&gt;
                &lt;PaddingLeft&gt;2pt&lt;/PaddingLeft&gt;
                &lt;PaddingRight&gt;2pt&lt;/PaddingRight&gt;
              &lt;/Style&gt;
            &lt;/Textbox&gt;
            &lt;Textbox Name="Id"&gt;
              &lt;CanGrow&gt;true&lt;/CanGrow&gt;
              &lt;KeepTogether&gt;true&lt;/KeepTogether&gt;
              &lt;Paragraphs&gt;
                &lt;Paragraph&gt;
                  &lt;TextRuns&gt;
                    &lt;TextRun&gt;
                      &lt;Value&gt;=First(Fields!Id.Value, "OrderHeader")&lt;/Value&gt;
                      &lt;Style&gt;
                        &lt;FontFamily&gt;Segoe UI&lt;/FontFamily&gt;
                        &lt;FontSize&gt;8pt&lt;/FontSize&gt;
                      &lt;/Style&gt;
                    &lt;/TextRun&gt;
                  &lt;/TextRuns&gt;
                  &lt;Style /&gt;
                &lt;/Paragraph&gt;
              &lt;/Paragraphs&gt;
              &lt;rd:DefaultName&gt;Id&lt;/rd:DefaultName&gt;
              &lt;Top&gt;0.36in&lt;/Top&gt;
              &lt;Left&gt;1.56944in&lt;/Left&gt;
              &lt;Height&gt;0.16in&lt;/Height&gt;
              &lt;Width&gt;1.64485in&lt;/Width&gt;
              &lt;ZIndex&gt;6&lt;/ZIndex&gt;
              &lt;Style&gt;
                &lt;Border /&gt;
                &lt;PaddingLeft&gt;2pt&lt;/PaddingLeft&gt;
                &lt;PaddingRight&gt;2pt&lt;/PaddingRight&gt;
              &lt;/Style&gt;
            &lt;/Textbox&gt;
            &lt;Textbox Name="Id2"&gt;
              &lt;CanGrow&gt;true&lt;/CanGrow&gt;
              &lt;KeepTogether&gt;true&lt;/KeepTogether&gt;
              &lt;Paragraphs&gt;
                &lt;Paragraph&gt;
                  &lt;TextRuns&gt;
                    &lt;TextRun&gt;
                      &lt;Value&gt;=First(Fields!SalesId.Value, "OrderHeader")&lt;/Value&gt;
                      &lt;Style&gt;
                        &lt;FontFamily&gt;Segoe UI&lt;/FontFamily&gt;
                        &lt;FontSize&gt;8pt&lt;/FontSize&gt;
                      &lt;/Style&gt;
                    &lt;/TextRun&gt;
                  &lt;/TextRuns&gt;
                  &lt;Style /&gt;
                &lt;/Paragraph&gt;
              &lt;/Paragraphs&gt;
              &lt;rd:DefaultName&gt;Id&lt;/rd:DefaultName&gt;
              &lt;Top&gt;0.52in&lt;/Top&gt;
              &lt;Left&gt;1.56944in&lt;/Left&gt;
              &lt;Height&gt;0.16in&lt;/Height&gt;
              &lt;Width&gt;1.64485in&lt;/Width&gt;
              &lt;ZIndex&gt;7&lt;/ZIndex&gt;
              &lt;Style&gt;
                &lt;Border /&gt;
                &lt;PaddingLeft&gt;2pt&lt;/PaddingLeft&gt;
                &lt;PaddingRight&gt;2pt&lt;/PaddingRight&gt;
              &lt;/Style&gt;
            &lt;/Textbox&gt;
            &lt;Textbox Name="Id3"&gt;
              &lt;CanGrow&gt;true&lt;/CanGrow&gt;
              &lt;KeepTogether&gt;true&lt;/KeepTogether&gt;
              &lt;Paragraphs&gt;
                &lt;Paragraph&gt;
                  &lt;TextRuns&gt;
                    &lt;TextRun&gt;
                      &lt;Value&gt;=First(Fields!CustAccount.Value, "OrderHeader")&lt;/Value&gt;
                      &lt;Style&gt;
                        &lt;FontFamily&gt;Segoe UI&lt;/FontFamily&gt;
                        &lt;FontSize&gt;8pt&lt;/FontSize&gt;
                      &lt;/Style&gt;
                    &lt;/TextRun&gt;
                  &lt;/TextRuns&gt;
                  &lt;Style /&gt;
                &lt;/Paragraph&gt;
              &lt;/Paragraphs&gt;
              &lt;rd:DefaultName&gt;Id&lt;/rd:DefaultName&gt;
              &lt;Top&gt;0.67in&lt;/Top&gt;
              &lt;Left&gt;1.56944in&lt;/Left&gt;
              &lt;Height&gt;0.16in&lt;/Height&gt;
              &lt;Width&gt;1.64485in&lt;/Width&gt;
              &lt;ZIndex&gt;8&lt;/ZIndex&gt;
              &lt;Style&gt;
                &lt;Border /&gt;
                &lt;PaddingLeft&gt;2pt&lt;/PaddingLeft&gt;
                &lt;PaddingRight&gt;2pt&lt;/PaddingRight&gt;
              &lt;/Style&gt;
            &lt;/Textbox&gt;
            &lt;Textbox Name="Id4"&gt;
              &lt;CanGrow&gt;true&lt;/CanGrow&gt;
              &lt;KeepTogether&gt;true&lt;/KeepTogether&gt;
              &lt;Paragraphs&gt;
                &lt;Paragraph&gt;
                  &lt;TextRuns&gt;
                    &lt;TextRun&gt;
                      &lt;Value&gt;=First(Fields!CreatedTime.Value, "OrderHeader")&lt;/Value&gt;
                      &lt;Style&gt;
                        &lt;FontFamily&gt;Segoe UI&lt;/FontFamily&gt;
                        &lt;FontSize&gt;8pt&lt;/FontSize&gt;
                      &lt;/Style&gt;
                    &lt;/TextRun&gt;
                  &lt;/TextRuns&gt;
                  &lt;Style&gt;
                    &lt;TextAlign&gt;Left&lt;/TextAlign&gt;
                  &lt;/Style&gt;
                &lt;/Paragraph&gt;
              &lt;/Paragraphs&gt;
              &lt;rd:DefaultName&gt;Id&lt;/rd:DefaultName&gt;
              &lt;Top&gt;0.84in&lt;/Top&gt;
              &lt;Left&gt;1.56944in&lt;/Left&gt;
              &lt;Height&gt;0.16in&lt;/Height&gt;
              &lt;Width&gt;1.64485in&lt;/Width&gt;
              &lt;ZIndex&gt;9&lt;/ZIndex&gt;
              &lt;Style&gt;
                &lt;Border /&gt;
                &lt;PaddingLeft&gt;2pt&lt;/PaddingLeft&gt;
                &lt;PaddingRight&gt;2pt&lt;/PaddingRight&gt;
              &lt;/Style&gt;
            &lt;/Textbox&gt;
            &lt;Textbox Name="Id5"&gt;
              &lt;CanGrow&gt;true&lt;/CanGrow&gt;
              &lt;KeepTogether&gt;true&lt;/KeepTogether&gt;
              &lt;Paragraphs&gt;
                &lt;Paragraph&gt;
                  &lt;TextRuns&gt;
                    &lt;TextRun&gt;
                      &lt;Value&gt;=First(Fields!CompletedTime.Value, "OrderHeader")&lt;/Value&gt;
                      &lt;Style&gt;
                        &lt;FontFamily&gt;Segoe UI&lt;/FontFamily&gt;
                        &lt;FontSize&gt;8pt&lt;/FontSize&gt;
                      &lt;/Style&gt;
                    &lt;/TextRun&gt;
                  &lt;/TextRuns&gt;
                  &lt;Style&gt;
                    &lt;TextAlign&gt;Left&lt;/TextAlign&gt;
                  &lt;/Style&gt;
                &lt;/Paragraph&gt;
              &lt;/Paragraphs&gt;
              &lt;rd:DefaultName&gt;Id&lt;/rd:DefaultName&gt;
              &lt;Top&gt;1in&lt;/Top&gt;
              &lt;Left&gt;1.56944in&lt;/Left&gt;
              &lt;Height&gt;0.16in&lt;/Height&gt;
              &lt;Width&gt;1.64485in&lt;/Width&gt;
              &lt;ZIndex&gt;10&lt;/ZIndex&gt;
              &lt;Style&gt;
                &lt;Border /&gt;
                &lt;PaddingLeft&gt;2pt&lt;/PaddingLeft&gt;
                &lt;PaddingRight&gt;2pt&lt;/PaddingRight&gt;
              &lt;/Style&gt;
            &lt;/Textbox&gt;
          &lt;/ReportItems&gt;
          &lt;Style&gt;
            &lt;Border&gt;
              &lt;Style&gt;None&lt;/Style&gt;
            &lt;/Border&gt;
          &lt;/Style&gt;
        &lt;/PageHeader&gt;
        &lt;InteractiveHeight&gt;11in&lt;/InteractiveHeight&gt;
        &lt;InteractiveWidth&gt;8.5in&lt;/InteractiveWidth&gt;
        &lt;LeftMargin&gt;1in&lt;/LeftMargin&gt;
        &lt;RightMargin&gt;1in&lt;/RightMargin&gt;
        &lt;TopMargin&gt;1in&lt;/TopMargin&gt;
        &lt;BottomMargin&gt;1in&lt;/BottomMargin&gt;
        &lt;Style /&gt;
      &lt;/Page&gt;
    &lt;/ReportSection&gt;
  &lt;/ReportSections&gt;
  &lt;ReportParameters&gt;
    &lt;ReportParameter Name="AX_PartitionKey"&gt;
      &lt;DataType&gt;String&lt;/DataType&gt;
      &lt;Nullable&gt;true&lt;/Nullable&gt;
      &lt;AllowBlank&gt;true&lt;/AllowBlank&gt;
      &lt;Prompt&gt;AX_PartitionKey&lt;/Prompt&gt;
      &lt;Hidden&gt;true&lt;/Hidden&gt;
    &lt;/ReportParameter&gt;
    &lt;ReportParameter Name="AX_CompanyName"&gt;
      &lt;DataType&gt;String&lt;/DataType&gt;
      &lt;Prompt&gt;AX_CompanyName&lt;/Prompt&gt;
      &lt;Hidden&gt;true&lt;/Hidden&gt;
    &lt;/ReportParameter&gt;
    &lt;ReportParameter Name="AX_UserContext"&gt;
      &lt;DataType&gt;String&lt;/DataType&gt;
      &lt;Nullable&gt;true&lt;/Nullable&gt;
      &lt;AllowBlank&gt;true&lt;/AllowBlank&gt;
      &lt;Prompt&gt;AX_UserContext&lt;/Prompt&gt;
      &lt;Hidden&gt;true&lt;/Hidden&gt;
    &lt;/ReportParameter&gt;
    &lt;ReportParameter Name="AX_RenderingCulture"&gt;
      &lt;DataType&gt;String&lt;/DataType&gt;
      &lt;Nullable&gt;true&lt;/Nullable&gt;
      &lt;AllowBlank&gt;true&lt;/AllowBlank&gt;
      &lt;Prompt&gt;AX_RenderingCulture&lt;/Prompt&gt;
      &lt;Hidden&gt;true&lt;/Hidden&gt;
    &lt;/ReportParameter&gt;
    &lt;ReportParameter Name="AX_ReportContext"&gt;
      &lt;DataType&gt;String&lt;/DataType&gt;
      &lt;Nullable&gt;true&lt;/Nullable&gt;
      &lt;AllowBlank&gt;true&lt;/AllowBlank&gt;
      &lt;Prompt&gt;AX_ReportContext&lt;/Prompt&gt;
      &lt;Hidden&gt;true&lt;/Hidden&gt;
      &lt;UsedInQuery&gt;True&lt;/UsedInQuery&gt;
    &lt;/ReportParameter&gt;
    &lt;ReportParameter Name="AX_RdpPreProcessedId"&gt;
      &lt;DataType&gt;String&lt;/DataType&gt;
      &lt;Nullable&gt;true&lt;/Nullable&gt;
      &lt;AllowBlank&gt;true&lt;/AllowBlank&gt;
      &lt;Prompt&gt;AX_RdpPreProcessedId&lt;/Prompt&gt;
      &lt;Hidden&gt;true&lt;/Hidden&gt;
    &lt;/ReportParameter&gt;
    &lt;ReportParameter Name="OrderHeader_parmOrderId"&gt;
      &lt;DataType&gt;String&lt;/DataType&gt;
      &lt;Prompt&gt;OrderHeader_parmOrderId&lt;/Prompt&gt;
    &lt;/ReportParameter&gt;
  &lt;/ReportParameters&gt;
  &lt;ReportParametersLayout&gt;
    &lt;GridLayoutDefinition&gt;
      &lt;NumberOfColumns&gt;6&lt;/NumberOfColumns&gt;
      &lt;NumberOfRows&gt;2&lt;/NumberOfRows&gt;
      &lt;CellDefinitions&gt;
        &lt;CellDefinition&gt;
          &lt;ColumnIndex&gt;0&lt;/ColumnIndex&gt;
          &lt;RowIndex&gt;0&lt;/RowIndex&gt;
          &lt;ParameterName&gt;AX_PartitionKey&lt;/ParameterName&gt;
        &lt;/CellDefinition&gt;
        &lt;CellDefinition&gt;
          &lt;ColumnIndex&gt;1&lt;/ColumnIndex&gt;
          &lt;RowIndex&gt;0&lt;/RowIndex&gt;
          &lt;ParameterName&gt;AX_CompanyName&lt;/ParameterName&gt;
        &lt;/CellDefinition&gt;
        &lt;CellDefinition&gt;
          &lt;ColumnIndex&gt;2&lt;/ColumnIndex&gt;
          &lt;RowIndex&gt;0&lt;/RowIndex&gt;
          &lt;ParameterName&gt;AX_UserContext&lt;/ParameterName&gt;
        &lt;/CellDefinition&gt;
        &lt;CellDefinition&gt;
          &lt;ColumnIndex&gt;3&lt;/ColumnIndex&gt;
          &lt;RowIndex&gt;0&lt;/RowIndex&gt;
          &lt;ParameterName&gt;AX_RenderingCulture&lt;/ParameterName&gt;
        &lt;/CellDefinition&gt;
        &lt;CellDefinition&gt;
          &lt;ColumnIndex&gt;4&lt;/ColumnIndex&gt;
          &lt;RowIndex&gt;0&lt;/RowIndex&gt;
          &lt;ParameterName&gt;AX_ReportContext&lt;/ParameterName&gt;
        &lt;/CellDefinition&gt;
        &lt;CellDefinition&gt;
          &lt;ColumnIndex&gt;5&lt;/ColumnIndex&gt;
          &lt;RowIndex&gt;0&lt;/RowIndex&gt;
          &lt;ParameterName&gt;AX_RdpPreProcessedId&lt;/ParameterName&gt;
        &lt;/CellDefinition&gt;
        &lt;CellDefinition&gt;
          &lt;ColumnIndex&gt;0&lt;/ColumnIndex&gt;
          &lt;RowIndex&gt;1&lt;/RowIndex&gt;
          &lt;ParameterName&gt;OrderHeader_parmOrderId&lt;/ParameterName&gt;
        &lt;/CellDefinition&gt;
      &lt;/CellDefinitions&gt;
    &lt;/GridLayoutDefinition&gt;
  &lt;/ReportParametersLayout&gt;
  &lt;Language&gt;en-US&lt;/Language&gt;
  &lt;rd:ReportUnitType&gt;Inch&lt;/rd:ReportUnitType&gt;
  &lt;rd:ExpressionDialog&gt;Microsoft.Dynamics.Framework.Design.Reports.ExpressionEditor.ExpressionEditorDialog, Microsoft.Dynamics.Framework.Design.Reports&lt;/rd:ExpressionDialog&gt;
  &lt;rd:ReportID&gt;e5709eef-5427-4602-977d-77e41ea7e65c&lt;/rd:ReportID&gt;
&lt;/Report&gt;</Text>
			<DisableIndividualTransformation />
		</AxReportDesign>
	</Designs>
	<EmbeddedImages />
</AxReport>