<?xml version="1.0" encoding="utf-8"?>
<AxDataEntityView xmlns:i="http://www.w3.org/2001/XMLSchema-instance">
	<Name>RSFoodItem_IngredientEntity</Name>
	<SourceCode>
		<Declaration><![CDATA[
public class RSFoodItem_IngredientEntity extends common
{
}
]]></Declaration>
		<Methods />
	</SourceCode>
	<Label>@RSLabels:FoodItem_Ingredient</Label>
	<SubscriberAccessLevel>
		<Read>Allow</Read>
	</SubscriberAccessLevel>
	<DataManagementEnabled>Yes</DataManagementEnabled>
	<DataManagementStagingTable>RSFoodItem_IngredientStaging</DataManagementStagingTable>
	<IsPublic>Yes</IsPublic>
	<PrimaryCompanyContext>DataAreaId</PrimaryCompanyContext>
	<PrimaryKey>EntityKey</PrimaryKey>
	<PublicCollectionName>RSFoodItem_Ingredients</PublicCollectionName>
	<PublicEntityName>RSFoodItem_Ingredients</PublicEntityName>
	<SupportsSetBasedSqlOperations>Yes</SupportsSetBasedSqlOperations>
	<DeleteActions />
	<FieldGroups>
		<AxTableFieldGroup>
			<Name>AutoReport</Name>
			<Fields />
		</AxTableFieldGroup>
		<AxTableFieldGroup>
			<Name>AutoLookup</Name>
			<Fields />
		</AxTableFieldGroup>
		<AxTableFieldGroup>
			<Name>AutoIdentification</Name>
			<AutoPopulate>Yes</AutoPopulate>
			<Fields />
		</AxTableFieldGroup>
		<AxTableFieldGroup>
			<Name>AutoSummary</Name>
			<Fields />
		</AxTableFieldGroup>
		<AxTableFieldGroup>
			<Name>AutoBrowse</Name>
			<Fields />
		</AxTableFieldGroup>
	</FieldGroups>
	<Fields>
		<AxDataEntityViewField xmlns=""
			i:type="AxDataEntityViewMappedField">
			<Name>FoodItem</Name>
			<AccessModifier>Private</AccessModifier>
			<DataField>FoodItem</DataField>
			<DataSource>RSFoodItem_Ingredient</DataSource>
		</AxDataEntityViewField>
		<AxDataEntityViewField xmlns=""
			i:type="AxDataEntityViewMappedField">
			<Name>Ingredient</Name>
			<AccessModifier>Private</AccessModifier>
			<DataField>Ingredient</DataField>
			<DataSource>RSFoodItem_Ingredient</DataSource>
		</AxDataEntityViewField>
		<AxDataEntityViewField xmlns=""
			i:type="AxDataEntityViewMappedField">
			<Name>FoodItemId</Name>
			<Mandatory>No</Mandatory>
			<DataField>Id</DataField>
			<DataSource>RSFoodItem</DataSource>
		</AxDataEntityViewField>
		<AxDataEntityViewField xmlns=""
			i:type="AxDataEntityViewMappedField">
			<Name>FoodItemName</Name>
			<DataField>Name</DataField>
			<DataSource>RSFoodItem</DataSource>
		</AxDataEntityViewField>
		<AxDataEntityViewField xmlns=""
			i:type="AxDataEntityViewMappedField">
			<Name>IngredientId</Name>
			<Mandatory>No</Mandatory>
			<DataField>Id</DataField>
			<DataSource>RSIngredient</DataSource>
		</AxDataEntityViewField>
		<AxDataEntityViewField xmlns=""
			i:type="AxDataEntityViewMappedField">
			<Name>IngredientName</Name>
			<DataField>Name</DataField>
			<DataSource>RSIngredient</DataSource>
		</AxDataEntityViewField>
	</Fields>
	<Keys>
		<AxDataEntityViewKey>
			<Name>EntityKey</Name>
			<Fields>
				<AxDataEntityViewKeyField>
					<DataField>FoodItemId</DataField>
				</AxDataEntityViewKeyField>
				<AxDataEntityViewKeyField>
					<DataField>IngredientId</DataField>
				</AxDataEntityViewKeyField>
			</Fields>
		</AxDataEntityViewKey>
	</Keys>
	<Mappings />
	<Ranges />
	<Relations />
	<StateMachines />
	<ViewMetadata>
		<Name>Metadata</Name>
		<SourceCode>
			<Methods>
				<Method>
					<Name>classDeclaration</Name>
					<Source><![CDATA[
[Query]
public class Metadata extends QueryRun
{
}
]]></Source>
				</Method>
			</Methods>
		</SourceCode>
		<DataSources>
			<AxQuerySimpleRootDataSource>
				<Name>RSFoodItem_Ingredient</Name>
				<DynamicFields>Yes</DynamicFields>
				<Table>RSFoodItem_Ingredient</Table>
				<DataSources>
					<AxQuerySimpleEmbeddedDataSource>
						<Name>RSFoodItem</Name>
						<DynamicFields>Yes</DynamicFields>
						<IsReadOnly>Yes</IsReadOnly>
						<Table>RSFoodItem</Table>
						<DataSources />
						<DerivedDataSources />
						<Fields />
						<Ranges />
						<JoinMode>OuterJoin</JoinMode>
						<Relations>
							<AxQuerySimpleDataSourceRelation>
								<Name>RSFoodItem</Name>
								<JoinRelationName>RSFoodItem</JoinRelationName>
							</AxQuerySimpleDataSourceRelation>
						</Relations>
					</AxQuerySimpleEmbeddedDataSource>
					<AxQuerySimpleEmbeddedDataSource>
						<Name>RSIngredient</Name>
						<DynamicFields>Yes</DynamicFields>
						<IsReadOnly>Yes</IsReadOnly>
						<Table>RSIngredient</Table>
						<DataSources />
						<DerivedDataSources />
						<Fields />
						<Ranges />
						<JoinMode>OuterJoin</JoinMode>
						<Relations>
							<AxQuerySimpleDataSourceRelation>
								<Name>RSIngredient</Name>
								<JoinRelationName>RSIngredient</JoinRelationName>
							</AxQuerySimpleDataSourceRelation>
						</Relations>
					</AxQuerySimpleEmbeddedDataSource>
				</DataSources>
				<DerivedDataSources />
				<Fields />
				<Ranges />
				<GroupBy />
				<Having />
				<OrderBy />
			</AxQuerySimpleRootDataSource>
		</DataSources>
	</ViewMetadata>
</AxDataEntityView>