<?xml version="1.0" encoding="utf-8"?>
<AxDataEntityView xmlns:i="http://www.w3.org/2001/XMLSchema-instance">
	<Name>RSOrderLineEntity</Name>
	<SourceCode>
		<Declaration><![CDATA[
public class RSOrderLineEntity extends common
{
}
]]></Declaration>
		<Methods />
	</SourceCode>
	<Label>@RSLabels:OrderLine</Label>
	<SubscriberAccessLevel>
		<Read>Allow</Read>
	</SubscriberAccessLevel>
	<DataManagementEnabled>Yes</DataManagementEnabled>
	<DataManagementStagingTable>RSOrderLineStaging</DataManagementStagingTable>
	<IsPublic>Yes</IsPublic>
	<PrimaryCompanyContext>DataAreaId</PrimaryCompanyContext>
	<PrimaryKey>EntityKey</PrimaryKey>
	<PublicCollectionName>RSOrderLines</PublicCollectionName>
	<PublicEntityName>RSOrderLines</PublicEntityName>
	<SupportsSetBasedSqlOperations>Yes</SupportsSetBasedSqlOperations>
	<DeleteActions />
	<FieldGroups>
		<AxTableFieldGroup>
			<Name>AutoReport</Name>
			<Fields />
		</AxTableFieldGroup>
		<AxTableFieldGroup>
			<Name>AutoLookup</Name>
			<Fields />
		</AxTableFieldGroup>
		<AxTableFieldGroup>
			<Name>AutoIdentification</Name>
			<AutoPopulate>Yes</AutoPopulate>
			<Fields />
		</AxTableFieldGroup>
		<AxTableFieldGroup>
			<Name>AutoSummary</Name>
			<Fields />
		</AxTableFieldGroup>
		<AxTableFieldGroup>
			<Name>AutoBrowse</Name>
			<Fields />
		</AxTableFieldGroup>
	</FieldGroups>
	<Fields>
		<AxDataEntityViewField xmlns=""
			i:type="AxDataEntityViewMappedField">
			<Name>OrderId</Name>
			<AccessModifier>Private</AccessModifier>
			<AllowEdit>Yes</AllowEdit>
			<AllowEditOnCreate>Yes</AllowEditOnCreate>
			<DataField>OrderId</DataField>
			<DataSource>RSOrderLine</DataSource>
		</AxDataEntityViewField>
		<AxDataEntityViewField xmlns=""
			i:type="AxDataEntityViewMappedField">
			<Name>LineNumber</Name>
			<DataField>LineNumber</DataField>
			<DataSource>RSOrderLine</DataSource>
		</AxDataEntityViewField>
		<AxDataEntityViewField xmlns=""
			i:type="AxDataEntityViewMappedField">
			<Name>FoodItem</Name>
			<AccessModifier>Private</AccessModifier>
			<DataField>FoodItem</DataField>
			<DataSource>RSOrderLine</DataSource>
		</AxDataEntityViewField>
		<AxDataEntityViewField xmlns=""
			i:type="AxDataEntityViewMappedField">
			<Name>PricePerItem</Name>
			<DataField>PricePerItem</DataField>
			<DataSource>RSOrderLine</DataSource>
		</AxDataEntityViewField>
		<AxDataEntityViewField xmlns=""
			i:type="AxDataEntityViewMappedField">
			<Name>DiscountPercent</Name>
			<DataField>DiscountPercent</DataField>
			<DataSource>RSOrderLine</DataSource>
		</AxDataEntityViewField>
		<AxDataEntityViewField xmlns=""
			i:type="AxDataEntityViewMappedField">
			<Name>DiscountPerItem</Name>
			<DataField>DiscountPerItem</DataField>
			<DataSource>RSOrderLine</DataSource>
		</AxDataEntityViewField>
		<AxDataEntityViewField xmlns=""
			i:type="AxDataEntityViewMappedField">
			<Name>PriceAfterDiscount</Name>
			<DataField>PriceAfterDiscount</DataField>
			<DataSource>RSOrderLine</DataSource>
		</AxDataEntityViewField>
		<AxDataEntityViewField xmlns=""
			i:type="AxDataEntityViewMappedField">
			<Name>Quantity</Name>
			<DataField>Quantity</DataField>
			<DataSource>RSOrderLine</DataSource>
		</AxDataEntityViewField>
		<AxDataEntityViewField xmlns=""
			i:type="AxDataEntityViewMappedField">
			<Name>TotalPrice</Name>
			<DataField>TotalPrice</DataField>
			<DataSource>RSOrderLine</DataSource>
		</AxDataEntityViewField>
		<AxDataEntityViewField xmlns=""
			i:type="AxDataEntityViewMappedField">
			<Name>FoodItemId</Name>
			<Mandatory>No</Mandatory>
			<DataField>Id</DataField>
			<DataSource>RSFoodItem</DataSource>
		</AxDataEntityViewField>
		<AxDataEntityViewField xmlns=""
			i:type="AxDataEntityViewMappedField">
			<Name>RSOrderId</Name>
			<AllowEdit>Yes</AllowEdit>
			<AllowEditOnCreate>Yes</AllowEditOnCreate>
			<DataField>Id</DataField>
			<DataSource>RSOrder</DataSource>
		</AxDataEntityViewField>
	</Fields>
	<Keys>
		<AxDataEntityViewKey>
			<Name>EntityKey</Name>
			<Fields>
				<AxDataEntityViewKeyField>
					<DataField>RSOrderId</DataField>
				</AxDataEntityViewKeyField>
				<AxDataEntityViewKeyField>
					<DataField>FoodItem</DataField>
				</AxDataEntityViewKeyField>
			</Fields>
		</AxDataEntityViewKey>
	</Keys>
	<Mappings />
	<Ranges />
	<Relations />
	<StateMachines />
	<ViewMetadata>
		<Name>Metadata</Name>
		<SourceCode>
			<Methods>
				<Method>
					<Name>classDeclaration</Name>
					<Source><![CDATA[
[Query]
public class Metadata extends QueryRun
{
}
]]></Source>
				</Method>
			</Methods>
		</SourceCode>
		<DataSources>
			<AxQuerySimpleRootDataSource>
				<Name>RSOrderLine</Name>
				<DynamicFields>Yes</DynamicFields>
				<Table>RSOrderLine</Table>
				<DataSources>
					<AxQuerySimpleEmbeddedDataSource>
						<Name>RSFoodItem</Name>
						<DynamicFields>Yes</DynamicFields>
						<IsReadOnly>Yes</IsReadOnly>
						<Table>RSFoodItem</Table>
						<DataSources />
						<DerivedDataSources />
						<Fields />
						<Ranges />
						<JoinMode>OuterJoin</JoinMode>
						<Relations>
							<AxQuerySimpleDataSourceRelation>
								<Name>RSFoodItem</Name>
								<JoinRelationName>RSFoodItem</JoinRelationName>
							</AxQuerySimpleDataSourceRelation>
						</Relations>
					</AxQuerySimpleEmbeddedDataSource>
					<AxQuerySimpleEmbeddedDataSource>
						<Name>RSOrder</Name>
						<DynamicFields>Yes</DynamicFields>
						<IsReadOnly>Yes</IsReadOnly>
						<Table>RSOrder</Table>
						<DataSources />
						<DerivedDataSources />
						<Fields />
						<Ranges />
						<JoinMode>OuterJoin</JoinMode>
						<Relations>
							<AxQuerySimpleDataSourceRelation>
								<Name>RSOrder</Name>
								<JoinRelationName>RSOrder</JoinRelationName>
							</AxQuerySimpleDataSourceRelation>
						</Relations>
					</AxQuerySimpleEmbeddedDataSource>
				</DataSources>
				<DerivedDataSources />
				<Fields />
				<Ranges />
				<GroupBy />
				<Having />
				<OrderBy />
			</AxQuerySimpleRootDataSource>
		</DataSources>
	</ViewMetadata>
</AxDataEntityView>