<?xml version="1.0" encoding="utf-8"?>
<AxMenu xmlns:i="http://www.w3.org/2001/XMLSchema-instance" xmlns="Microsoft.Dynamics.AX.Metadata.V1">
	<Name>RSRestaurant</Name>
	<Label>@RSLabels:RestaurantMenu</Label>
	<Elements>
		<AxMenuElement xmlns=""
			i:type="AxMenuElementMenuItem">
			<Name>RSOrder</Name>
			<MenuItemName>RSOrder</MenuItemName>
		</AxMenuElement>
		<AxMenuElement xmlns=""
			i:type="AxMenuElementMenuItem">
			<Name>RSFoodItem</Name>
			<MenuItemName>RSFoodItem</MenuItemName>
		</AxMenuElement>
		<AxMenuElement xmlns=""
			i:type="AxMenuElementMenuItem">
			<Name>RSIngredient</Name>
			<MenuItemName>RSIngredient</MenuItemName>
		</AxMenuElement>
		<AxMenuElement xmlns=""
			i:type="AxMenuElementMenuItem">
			<Name>RSNewsletter</Name>
			<MenuItemName>RSNewsletter</MenuItemName>
		</AxMenuElement>
	</Elements>
</AxMenu>