<?xml version="1.0" encoding="utf-8"?>
<AxTable xmlns:i="http://www.w3.org/2001/XMLSchema-instance">
	<Name>RSFoodItem_Ingredient</Name>
	<SourceCode>
		<Declaration><![CDATA[
public class RSFoodItem_Ingredient extends common
{
}
]]></Declaration>
		<Methods />
	</SourceCode>
	<DeveloperDocumentation>@RSLabels:FoodItem_IngredientDevDocs</DeveloperDocumentation>
	<Label>@RSLabels:FoodItem_Ingredient</Label>
	<SubscriberAccessLevel>
		<Read>Allow</Read>
	</SubscriberAccessLevel>
	<TitleField1>FoodItem</TitleField1>
	<TitleField2>Ingredient</TitleField2>
	<ReplacementKey>CompositeIndex</ReplacementKey>
	<DeleteActions />
	<FieldGroups>
		<AxTableFieldGroup>
			<Name>AutoReport</Name>
			<Fields>
				<AxTableFieldGroupField>
					<DataField>FoodItem</DataField>
				</AxTableFieldGroupField>
				<AxTableFieldGroupField>
					<DataField>Ingredient</DataField>
				</AxTableFieldGroupField>
			</Fields>
		</AxTableFieldGroup>
		<AxTableFieldGroup>
			<Name>AutoLookup</Name>
			<Fields>
				<AxTableFieldGroupField>
					<DataField>Ingredient</DataField>
				</AxTableFieldGroupField>
				<AxTableFieldGroupField>
					<DataField>FoodItem</DataField>
				</AxTableFieldGroupField>
			</Fields>
		</AxTableFieldGroup>
		<AxTableFieldGroup>
			<Name>AutoIdentification</Name>
			<AutoPopulate>Yes</AutoPopulate>
			<Fields>
				<AxTableFieldGroupField>
					<DataField>FoodItem</DataField>
				</AxTableFieldGroupField>
				<AxTableFieldGroupField>
					<DataField>Ingredient</DataField>
				</AxTableFieldGroupField>
			</Fields>
		</AxTableFieldGroup>
		<AxTableFieldGroup>
			<Name>AutoSummary</Name>
			<Fields />
		</AxTableFieldGroup>
		<AxTableFieldGroup>
			<Name>AutoBrowse</Name>
			<Fields />
		</AxTableFieldGroup>
	</FieldGroups>
	<Fields>
		<AxTableField xmlns=""
			i:type="AxTableFieldInt64">
			<Name>FoodItem</Name>
			<ExtendedDataType>RSFoodItemRefRecId</ExtendedDataType>
		</AxTableField>
		<AxTableField xmlns=""
			i:type="AxTableFieldInt64">
			<Name>Ingredient</Name>
			<ExtendedDataType>RSIngredientRefRecId</ExtendedDataType>
		</AxTableField>
	</Fields>
	<FullTextIndexes />
	<Indexes>
		<AxTableIndex>
			<Name>CompositeIndex</Name>
			<AlternateKey>Yes</AlternateKey>
			<Fields>
				<AxTableIndexField>
					<DataField>FoodItem</DataField>
				</AxTableIndexField>
				<AxTableIndexField>
					<DataField>Ingredient</DataField>
				</AxTableIndexField>
			</Fields>
		</AxTableIndex>
	</Indexes>
	<Mappings />
	<Relations>
		<AxTableRelation xmlns=""
			i:type="AxTableRelationForeignKey">
			<Name>RSFoodItem</Name>
			<Cardinality>OneMore</Cardinality>
			<OnDelete>Cascade</OnDelete>
			<RelatedTable>RSFoodItem</RelatedTable>
			<RelatedTableCardinality>ExactlyOne</RelatedTableCardinality>
			<RelationshipType>Association</RelationshipType>
			<Constraints>
				<AxTableRelationConstraint xmlns=""
					i:type="AxTableRelationConstraintField">
					<Name>FoodItem</Name>
					<Field>FoodItem</Field>
					<RelatedField>RecId</RelatedField>
				</AxTableRelationConstraint>
			</Constraints>
			<Index>RecId</Index>
		</AxTableRelation>
		<AxTableRelation xmlns=""
			i:type="AxTableRelationForeignKey">
			<Name>RSIngredient</Name>
			<Cardinality>ZeroMore</Cardinality>
			<OnDelete>Restricted</OnDelete>
			<RelatedTable>RSIngredient</RelatedTable>
			<RelatedTableCardinality>ExactlyOne</RelatedTableCardinality>
			<RelationshipType>Association</RelationshipType>
			<Constraints>
				<AxTableRelationConstraint xmlns=""
					i:type="AxTableRelationConstraintField">
					<Name>Ingredient</Name>
					<Field>Ingredient</Field>
					<RelatedField>RecId</RelatedField>
				</AxTableRelationConstraint>
			</Constraints>
			<Index>RecId</Index>
		</AxTableRelation>
	</Relations>
	<StateMachines />
</AxTable>