<?xml version="1.0" encoding="utf-8"?>
<AxTable xmlns:i="http://www.w3.org/2001/XMLSchema-instance">
	<Name>RSFoodItem</Name>
	<SourceCode>
		<Declaration><![CDATA[
public class RSFoodItem extends common
{
}
]]></Declaration>
		<Methods>
			<Method>
				<Name>find</Name>
				<Source><![CDATA[
    /// <summary>
    /// Finds the FoodItem for the given recId
    /// </summary>
    /// <param name = "recId">The primary key of the FoodItem we are looking for.</param>
    /// <returns>A RSFoodItem buffer table containing the found record or all defaults in the case of a miss.</returns>
    public static RSFoodItem find(RecId recId)
    {
        RSFoodItem foodItem;

        select firstonly foodItem
        where foodItem.RecId == recId;

        return foodItem;
    }

]]></Source>
			</Method>
			<Method>
				<Name>initValue</Name>
				<Source><![CDATA[
    public void initValue()
    {
        RSFoodItem foodItem;
        select firstonly maxof(Id) from foodItem;
        
        this.Id = foodItem.Id + 1;

        super();
    }

]]></Source>
			</Method>
		</Methods>
	</SourceCode>
	<DeveloperDocumentation>@RSLabels:FoodItemDevDocs</DeveloperDocumentation>
	<Label>@RSLabels:FoodItem</Label>
	<SubscriberAccessLevel>
		<Read>Allow</Read>
	</SubscriberAccessLevel>
	<TitleField1>Name</TitleField1>
	<TitleField2>Price</TitleField2>
	<ReplacementKey>IdIndex</ReplacementKey>
	<DeleteActions />
	<FieldGroups>
		<AxTableFieldGroup>
			<Name>AutoReport</Name>
			<Fields>
				<AxTableFieldGroupField>
					<DataField>Id</DataField>
				</AxTableFieldGroupField>
				<AxTableFieldGroupField>
					<DataField>Description</DataField>
				</AxTableFieldGroupField>
				<AxTableFieldGroupField>
					<DataField>Name</DataField>
				</AxTableFieldGroupField>
				<AxTableFieldGroupField>
					<DataField>Category</DataField>
				</AxTableFieldGroupField>
				<AxTableFieldGroupField>
					<DataField>Price</DataField>
				</AxTableFieldGroupField>
			</Fields>
		</AxTableFieldGroup>
		<AxTableFieldGroup>
			<Name>AutoLookup</Name>
			<Fields>
				<AxTableFieldGroupField>
					<DataField>Id</DataField>
				</AxTableFieldGroupField>
				<AxTableFieldGroupField>
					<DataField>Name</DataField>
				</AxTableFieldGroupField>
				<AxTableFieldGroupField>
					<DataField>Price</DataField>
				</AxTableFieldGroupField>
			</Fields>
		</AxTableFieldGroup>
		<AxTableFieldGroup>
			<Name>AutoIdentification</Name>
			<AutoPopulate>Yes</AutoPopulate>
			<Fields>
				<AxTableFieldGroupField>
					<DataField>Id</DataField>
				</AxTableFieldGroupField>
			</Fields>
		</AxTableFieldGroup>
		<AxTableFieldGroup>
			<Name>AutoSummary</Name>
			<Fields />
		</AxTableFieldGroup>
		<AxTableFieldGroup>
			<Name>AutoBrowse</Name>
			<Fields />
		</AxTableFieldGroup>
		<AxTableFieldGroup>
			<Name>Overview</Name>
			<Label>@RSLabels:FoodItemOverview</Label>
			<Fields>
				<AxTableFieldGroupField>
					<DataField>Id</DataField>
				</AxTableFieldGroupField>
				<AxTableFieldGroupField>
					<DataField>Description</DataField>
				</AxTableFieldGroupField>
				<AxTableFieldGroupField>
					<DataField>Name</DataField>
				</AxTableFieldGroupField>
				<AxTableFieldGroupField>
					<DataField>Category</DataField>
				</AxTableFieldGroupField>
				<AxTableFieldGroupField>
					<DataField>Price</DataField>
				</AxTableFieldGroupField>
			</Fields>
		</AxTableFieldGroup>
		<AxTableFieldGroup>
			<Name>Header</Name>
			<Label>@RSLabels:FoodItemHeader</Label>
			<Fields>
				<AxTableFieldGroupField>
					<DataField>Name</DataField>
				</AxTableFieldGroupField>
				<AxTableFieldGroupField>
					<DataField>Price</DataField>
				</AxTableFieldGroupField>
			</Fields>
		</AxTableFieldGroup>
	</FieldGroups>
	<Fields>
		<AxTableField xmlns=""
			i:type="AxTableFieldInt">
			<Name>Id</Name>
			<ExtendedDataType>RSFoodItemId</ExtendedDataType>
		</AxTableField>
		<AxTableField xmlns=""
			i:type="AxTableFieldString">
			<Name>Description</Name>
			<ExtendedDataType>RSFoodItemDescription</ExtendedDataType>
		</AxTableField>
		<AxTableField xmlns=""
			i:type="AxTableFieldString">
			<Name>Name</Name>
			<ExtendedDataType>RSFoodItemName</ExtendedDataType>
		</AxTableField>
		<AxTableField xmlns=""
			i:type="AxTableFieldEnum">
			<Name>Category</Name>
			<EnumType>RSFoodItemCategory</EnumType>
		</AxTableField>
		<AxTableField xmlns=""
			i:type="AxTableFieldReal">
			<Name>Price</Name>
			<ExtendedDataType>Price</ExtendedDataType>
		</AxTableField>
	</Fields>
	<FullTextIndexes />
	<Indexes>
		<AxTableIndex>
			<Name>IdIndex</Name>
			<AlternateKey>Yes</AlternateKey>
			<Fields>
				<AxTableIndexField>
					<DataField>Id</DataField>
				</AxTableIndexField>
			</Fields>
		</AxTableIndex>
	</Indexes>
	<Mappings />
	<Relations />
	<StateMachines />
</AxTable>