<?xml version="1.0" encoding="utf-8"?>
<AxTable xmlns:i="http://www.w3.org/2001/XMLSchema-instance">
	<Name>RSIngredientStaging</Name>
	<SourceCode>
		<Methods />
	</SourceCode>
	<DeveloperDocumentation>@DMF:StagingDeveloperDocumentation</DeveloperDocumentation>
	<Label>@RSLabels:Ingredent</Label>
	<TableGroup>Staging</TableGroup>
	<TitleField1>Id</TitleField1>
	<TitleField2>Name</TitleField2>
	<PrimaryIndex>StagingIdx</PrimaryIndex>
	<ReplacementKey>StagingIdx</ReplacementKey>
	<SaveDataPerCompany>No</SaveDataPerCompany>
	<DeleteActions />
	<FieldGroups>
		<AxTableFieldGroup>
			<Name>AutoReport</Name>
			<IsSystemGenerated>Yes</IsSystemGenerated>
			<Fields />
		</AxTableFieldGroup>
		<AxTableFieldGroup>
			<Name>AutoLookup</Name>
			<IsSystemGenerated>Yes</IsSystemGenerated>
			<Fields />
		</AxTableFieldGroup>
		<AxTableFieldGroup>
			<Name>AutoIdentification</Name>
			<AutoPopulate>Yes</AutoPopulate>
			<IsSystemGenerated>Yes</IsSystemGenerated>
			<Fields />
		</AxTableFieldGroup>
		<AxTableFieldGroup>
			<Name>AutoSummary</Name>
			<IsSystemGenerated>Yes</IsSystemGenerated>
			<Fields />
		</AxTableFieldGroup>
		<AxTableFieldGroup>
			<Name>AutoBrowse</Name>
			<IsSystemGenerated>Yes</IsSystemGenerated>
			<Fields />
		</AxTableFieldGroup>
		<AxTableFieldGroup>
			<Name>ExtensionList</Name>
			<IsSystemGenerated>Yes</IsSystemGenerated>
			<Label>@DMF:StagingExtensionGroup</Label>
			<Fields>
				<AxTableFieldGroupField>
					<DataField>DefinitionGroup</DataField>
				</AxTableFieldGroupField>
				<AxTableFieldGroupField>
					<DataField>IsSelected</DataField>
				</AxTableFieldGroupField>
				<AxTableFieldGroupField>
					<DataField>TransferStatus</DataField>
				</AxTableFieldGroupField>
				<AxTableFieldGroupField>
					<DataField>ExecutionId</DataField>
				</AxTableFieldGroupField>
			</Fields>
		</AxTableFieldGroup>
	</FieldGroups>
	<Fields>
		<AxTableField xmlns=""
			i:type="AxTableFieldString">
			<Name>DefinitionGroup</Name>
			<AllowEdit>No</AllowEdit>
			<ExtendedDataType>DMFDefinitionGroupName</ExtendedDataType>
			<IsSystemGenerated>Yes</IsSystemGenerated>
			<Mandatory>Yes</Mandatory>
			<StringSize>60</StringSize>
		</AxTableField>
		<AxTableField xmlns=""
			i:type="AxTableFieldString">
			<Name>ExecutionId</Name>
			<AllowEdit>No</AllowEdit>
			<ExtendedDataType>DMFExecutionId</ExtendedDataType>
			<IsSystemGenerated>Yes</IsSystemGenerated>
			<Mandatory>Yes</Mandatory>
			<StringSize>90</StringSize>
		</AxTableField>
		<AxTableField xmlns=""
			i:type="AxTableFieldEnum">
			<Name>IsSelected</Name>
			<ExtendedDataType>DMFIsSelected</ExtendedDataType>
			<IsSystemGenerated>Yes</IsSystemGenerated>
			<EnumType>NoYes</EnumType>
		</AxTableField>
		<AxTableField xmlns=""
			i:type="AxTableFieldEnum">
			<Name>TransferStatus</Name>
			<IsSystemGenerated>Yes</IsSystemGenerated>
			<EnumType>DMFTransferStatus</EnumType>
		</AxTableField>
		<AxTableField xmlns=""
			i:type="AxTableFieldInt">
			<Name>Id</Name>
			<ExtendedDataType>RSIngredientId</ExtendedDataType>
			<IsSystemGenerated>Yes</IsSystemGenerated>
		</AxTableField>
		<AxTableField xmlns=""
			i:type="AxTableFieldString">
			<Name>Name</Name>
			<ExtendedDataType>RSFoodItemName</ExtendedDataType>
			<IsSystemGenerated>Yes</IsSystemGenerated>
		</AxTableField>
	</Fields>
	<FullTextIndexes />
	<Indexes>
		<AxTableIndex>
			<Name>StagingIdx</Name>
			<AlternateKey>Yes</AlternateKey>
			<IsSystemGenerated>Yes</IsSystemGenerated>
			<Fields>
				<AxTableIndexField>
					<DataField>DefinitionGroup</DataField>
				</AxTableIndexField>
				<AxTableIndexField>
					<DataField>ExecutionId</DataField>
				</AxTableIndexField>
				<AxTableIndexField>
					<DataField>Id</DataField>
				</AxTableIndexField>
			</Fields>
		</AxTableIndex>
	</Indexes>
	<Mappings />
	<Relations>
		<AxTableRelation xmlns=""
			i:type="AxTableRelationForeignKey">
			<Name>DataEntity</Name>
			<Cardinality>ExactlyOne</Cardinality>
			<EntityRelationshipRole>@DMF:StagingToDataEntityRelationshipRole</EntityRelationshipRole>
			<IsSystemGenerated>Yes</IsSystemGenerated>
			<RelatedTable>RSIngredientEntity</RelatedTable>
			<RelatedTableCardinality>ZeroOne</RelatedTableCardinality>
			<RelationshipType>Link</RelationshipType>
			<Validate>No</Validate>
			<Constraints>
				<AxTableRelationConstraint xmlns=""
					i:type="AxTableRelationConstraintField">
					<Name>Id</Name>
					<Field>Id</Field>
					<RelatedField>Id</RelatedField>
				</AxTableRelationConstraint>
			</Constraints>
		</AxTableRelation>
	</Relations>
	<StateMachines />
</AxTable>