<?xml version="1.0" encoding="utf-8"?>
<AxTable xmlns:i="http://www.w3.org/2001/XMLSchema-instance">
	<Name>RSIngredient</Name>
	<SourceCode>
		<Declaration><![CDATA[
public class RSIngredient extends common
{
}
]]></Declaration>
		<Methods />
	</SourceCode>
	<DeveloperDocumentation>@RSLabels:IngredientDevDocs</DeveloperDocumentation>
	<Label>@RSLabels:Ingredent</Label>
	<SubscriberAccessLevel>
		<Read>Allow</Read>
	</SubscriberAccessLevel>
	<TitleField1>Id</TitleField1>
	<TitleField2>Name</TitleField2>
	<ReplacementKey>IdIndex</ReplacementKey>
	<DeleteActions />
	<FieldGroups>
		<AxTableFieldGroup>
			<Name>AutoReport</Name>
			<Fields>
				<AxTableFieldGroupField>
					<DataField>Id</DataField>
				</AxTableFieldGroupField>
				<AxTableFieldGroupField>
					<DataField>Name</DataField>
				</AxTableFieldGroupField>
			</Fields>
		</AxTableFieldGroup>
		<AxTableFieldGroup>
			<Name>AutoLookup</Name>
			<Fields>
				<AxTableFieldGroupField>
					<DataField>Id</DataField>
				</AxTableFieldGroupField>
				<AxTableFieldGroupField>
					<DataField>Name</DataField>
				</AxTableFieldGroupField>
			</Fields>
		</AxTableFieldGroup>
		<AxTableFieldGroup>
			<Name>AutoIdentification</Name>
			<AutoPopulate>Yes</AutoPopulate>
			<Fields>
				<AxTableFieldGroupField>
					<DataField>Id</DataField>
				</AxTableFieldGroupField>
			</Fields>
		</AxTableFieldGroup>
		<AxTableFieldGroup>
			<Name>AutoSummary</Name>
			<Fields />
		</AxTableFieldGroup>
		<AxTableFieldGroup>
			<Name>AutoBrowse</Name>
			<Fields />
		</AxTableFieldGroup>
		<AxTableFieldGroup>
			<Name>Overview</Name>
			<Label>@RSLabels:IngredientOverview</Label>
			<Fields>
				<AxTableFieldGroupField>
					<DataField>Id</DataField>
				</AxTableFieldGroupField>
				<AxTableFieldGroupField>
					<DataField>Name</DataField>
				</AxTableFieldGroupField>
			</Fields>
		</AxTableFieldGroup>
	</FieldGroups>
	<Fields>
		<AxTableField xmlns=""
			i:type="AxTableFieldInt">
			<Name>Id</Name>
			<ExtendedDataType>RSIngredientId</ExtendedDataType>
		</AxTableField>
		<AxTableField xmlns=""
			i:type="AxTableFieldString">
			<Name>Name</Name>
			<ExtendedDataType>RSFoodItemName</ExtendedDataType>
		</AxTableField>
	</Fields>
	<FullTextIndexes />
	<Indexes>
		<AxTableIndex>
			<Name>IdIndex</Name>
			<AlternateKey>Yes</AlternateKey>
			<Fields>
				<AxTableIndexField>
					<DataField>Id</DataField>
				</AxTableIndexField>
			</Fields>
		</AxTableIndex>
	</Indexes>
	<Mappings />
	<Relations />
	<StateMachines />
</AxTable>