<?xml version="1.0" encoding="utf-8"?>
<AxTable xmlns:i="http://www.w3.org/2001/XMLSchema-instance">
	<Name>RSOrder</Name>
	<SourceCode>
		<Declaration><![CDATA[
public class RSOrder extends common
{
}
]]></Declaration>
		<Methods>
			<Method>
				<Name>initValue</Name>
				<Source><![CDATA[
    public void initValue()
    {
        super();

        this.generateOrderId();
        this.CreatedTime = DateTimeUtil::utcNow();
        this.IsCompleted = RSNoYes::No;
    }

]]></Source>
			</Method>
			<Method>
				<Name>generateOrderId</Name>
				<Source><![CDATA[
    private void generateOrderId()
    {
        NumberSequenceReference numberSequenceReference = NumberSeqReference::findReference(extendedTypeNum(RSOrderId));
        if (numberSequenceReference)
        {
            RSOrderId orderId = NumberSeq::newGetNum(numberSequenceReference).num();
            this.Id = orderId;
        }
    }

]]></Source>
			</Method>
			<Method>
				<Name>modifiedField</Name>
				<Source><![CDATA[
    public void modifiedField(FieldId _fieldId)
    {
        super(_fieldId);

        switch (_fieldId) 
        {
            case fieldNum(RSOrder, IsCompleted):
                this.changeCompletedTime();
                break;
        }
    }

]]></Source>
			</Method>
			<Method>
				<Name>changeCompletedTime</Name>
				<Source><![CDATA[
    private void changeCompletedTime() 
    {
        if (this.IsCompleted == RSNoYes::No) 
        {
            this.CompletedTime = DateTimeUtil::minValue();
        }
        else 
        {
            this.CompletedTime = DateTimeUtil::utcNow();
        }
    }

]]></Source>
			</Method>
			<Method>
				<Name>displayTotalOrderPrice</Name>
				<Source><![CDATA[
    public display Price displayTotalOrderPrice() 
    {
        

        RSOrderLine orderLine;

        select firstonly sum(TotalPrice)
            from orderLine
            where orderLine.OrderId == this.RecId;

        return orderLine.TotalPrice;
    }

]]></Source>
			</Method>
			<Method>
				<Name>find</Name>
				<Source><![CDATA[
    public static RSOrder find(RSOrderRefRecId _orderId, boolean _forUpdate = false) 
    {
        RSOrder rsOrder;

        if (!_orderId) 
        {
            return rsOrder;
        }

        rsOrder.selectForUpdate(_forUpdate);

        select firstonly rsOrder
            where rsOrder.RecId == _orderId;

        return rsOrder;
    }

]]></Source>
			</Method>
		</Methods>
	</SourceCode>
	<DeveloperDocumentation>@RSLabels:OrderDevDocs</DeveloperDocumentation>
	<Label>@RSLabels:Order</Label>
	<SubscriberAccessLevel>
		<Read>Allow</Read>
	</SubscriberAccessLevel>
	<TitleField1>Id</TitleField1>
	<TitleField2>CustAccount</TitleField2>
	<ReplacementKey>IdIndex</ReplacementKey>
	<DeleteActions />
	<FieldGroups>
		<AxTableFieldGroup>
			<Name>AutoReport</Name>
			<Fields>
				<AxTableFieldGroupField>
					<DataField>Id</DataField>
				</AxTableFieldGroupField>
				<AxTableFieldGroupField>
					<DataField>CustAccount</DataField>
				</AxTableFieldGroupField>
				<AxTableFieldGroupField>
					<DataField>CreatedTime</DataField>
				</AxTableFieldGroupField>
				<AxTableFieldGroupField>
					<DataField>IsCompleted</DataField>
				</AxTableFieldGroupField>
				<AxTableFieldGroupField>
					<DataField>CompletedTime</DataField>
				</AxTableFieldGroupField>
			</Fields>
		</AxTableFieldGroup>
		<AxTableFieldGroup>
			<Name>AutoLookup</Name>
			<Fields>
				<AxTableFieldGroupField>
					<DataField>Id</DataField>
				</AxTableFieldGroupField>
				<AxTableFieldGroupField>
					<DataField>CustAccount</DataField>
				</AxTableFieldGroupField>
			</Fields>
		</AxTableFieldGroup>
		<AxTableFieldGroup>
			<Name>AutoIdentification</Name>
			<AutoPopulate>Yes</AutoPopulate>
			<Fields>
				<AxTableFieldGroupField>
					<DataField>Id</DataField>
				</AxTableFieldGroupField>
			</Fields>
		</AxTableFieldGroup>
		<AxTableFieldGroup>
			<Name>AutoSummary</Name>
			<Fields />
		</AxTableFieldGroup>
		<AxTableFieldGroup>
			<Name>AutoBrowse</Name>
			<Fields />
		</AxTableFieldGroup>
		<AxTableFieldGroup>
			<Name>Overview</Name>
			<Label>@RSLabels:OrderOverview</Label>
			<Fields>
				<AxTableFieldGroupField>
					<DataField>Id</DataField>
				</AxTableFieldGroupField>
				<AxTableFieldGroupField>
					<DataField>SalesId</DataField>
				</AxTableFieldGroupField>
				<AxTableFieldGroupField>
					<DataField>CustAccount</DataField>
				</AxTableFieldGroupField>
				<AxTableFieldGroupField>
					<DataField>CreatedTime</DataField>
				</AxTableFieldGroupField>
				<AxTableFieldGroupField>
					<DataField>IsCompleted</DataField>
				</AxTableFieldGroupField>
				<AxTableFieldGroupField>
					<DataField>CompletedTime</DataField>
				</AxTableFieldGroupField>
			</Fields>
		</AxTableFieldGroup>
		<AxTableFieldGroup>
			<Name>Title</Name>
			<Label>@RSLabels:OrderTitle</Label>
			<Fields>
				<AxTableFieldGroupField>
					<DataField>Id</DataField>
				</AxTableFieldGroupField>
				<AxTableFieldGroupField>
					<DataField>CustAccount</DataField>
				</AxTableFieldGroupField>
			</Fields>
		</AxTableFieldGroup>
	</FieldGroups>
	<Fields>
		<AxTableField xmlns=""
			i:type="AxTableFieldString">
			<Name>Id</Name>
			<AllowEdit>No</AllowEdit>
			<AllowEditOnCreate>No</AllowEditOnCreate>
			<ExtendedDataType>RSOrderId</ExtendedDataType>
		</AxTableField>
		<AxTableField xmlns=""
			i:type="AxTableFieldString">
			<Name>SalesId</Name>
			<AllowEdit>No</AllowEdit>
			<AllowEditOnCreate>No</AllowEditOnCreate>
			<ExtendedDataType>SalesId</ExtendedDataType>
		</AxTableField>
		<AxTableField xmlns=""
			i:type="AxTableFieldString">
			<Name>CustAccount</Name>
			<AssetClassification>Customer Content </AssetClassification>
			<ExtendedDataType>CustAccount</ExtendedDataType>
			<Label>@RSLabels:CustAccount</Label>
			<Mandatory>Yes</Mandatory>
		</AxTableField>
		<AxTableField xmlns=""
			i:type="AxTableFieldUtcDateTime">
			<Name>CreatedTime</Name>
			<AllowEdit>No</AllowEdit>
			<AllowEditOnCreate>No</AllowEditOnCreate>
			<ExtendedDataType>RSOrderCreatedDateTime</ExtendedDataType>
		</AxTableField>
		<AxTableField xmlns=""
			i:type="AxTableFieldEnum">
			<Name>IsCompleted</Name>
			<Label>@RSLabels:OrderIsCompleted</Label>
			<EnumType>RSNoYes</EnumType>
		</AxTableField>
		<AxTableField xmlns=""
			i:type="AxTableFieldUtcDateTime">
			<Name>CompletedTime</Name>
			<AllowEdit>No</AllowEdit>
			<AllowEditOnCreate>No</AllowEditOnCreate>
			<ExtendedDataType>RSOrderCompletedDateTime</ExtendedDataType>
		</AxTableField>
	</Fields>
	<FullTextIndexes />
	<Indexes>
		<AxTableIndex>
			<Name>IdIndex</Name>
			<AlternateKey>Yes</AlternateKey>
			<Fields>
				<AxTableIndexField>
					<DataField>Id</DataField>
				</AxTableIndexField>
			</Fields>
		</AxTableIndex>
	</Indexes>
	<Mappings />
	<Relations>
		<AxTableRelation xmlns=""
			i:type="AxTableRelationForeignKey">
			<Name>CustTable</Name>
			<Cardinality>ZeroMore</Cardinality>
			<OnDelete>Restricted</OnDelete>
			<RelatedTable>CustTable</RelatedTable>
			<RelatedTableCardinality>ExactlyOne</RelatedTableCardinality>
			<RelationshipType>Association</RelationshipType>
			<Constraints>
				<AxTableRelationConstraint xmlns=""
					i:type="AxTableRelationConstraintField">
					<Name>CustAccount</Name>
					<SourceEDT>CustAccount</SourceEDT>
					<Field>CustAccount</Field>
					<RelatedField>AccountNum</RelatedField>
				</AxTableRelationConstraint>
			</Constraints>
		</AxTableRelation>
	</Relations>
	<StateMachines />
</AxTable>