<?xml version="1.0" encoding="utf-8"?>
<AxTable xmlns:i="http://www.w3.org/2001/XMLSchema-instance">
	<Name>RSOrderLine</Name>
	<SourceCode>
		<Declaration><![CDATA[
public class RSOrderLine extends common
{
}
]]></Declaration>
		<Methods>
			<Method>
				<Name>initValue</Name>
				<Source><![CDATA[
    public void initValue()
    {
        this.Quantity = 1;
        super();
    }

]]></Source>
			</Method>
			<Method>
				<Name>modifiedField</Name>
				<Source><![CDATA[
    public void modifiedField(FieldId _fieldId)
    {
        super(_fieldId);

        switch (_fieldId)
        {
            case fieldNum(RSOrderLine, FoodItem):
                this.setFoodItemValues();
                break;
            case fieldNum(RSOrderLine, Quantity):
                this.calculateTotal();
                break;
        }
    }

]]></Source>
			</Method>
			<Method>
				<Name>setFoodItemValues</Name>
				<Source><![CDATA[
    /// <summary>
    /// Sets the PricePerItem, DiscountPerItem, PriceAfterDiscount and TotalPrice field based on the selected FoodItem.
    /// </summary>
    private void setFoodItemValues()
    {
        RSFoodItem selectedFoodItem = RSFoodItem::find(this.FoodItem);
        real discountPercent = 0; //TODO discount to be implemented
        this.PricePerItem = selectedFoodItem.Price;
        this.DiscountPerItem = this.PricePerItem * (discountPercent / 100);
        this.PriceAfterDiscount = this.PricePerItem - this.DiscountPerItem;
        this.TotalPrice = this.PriceAfterDiscount * this.Quantity;
    }

]]></Source>
			</Method>
			<Method>
				<Name>calculateTotal</Name>
				<Source><![CDATA[
    /// <summary>
    /// Sets the DiscountPerItem, PriceAfterDiscount and TotalPrice field based on the selected Quantity.
    /// </summary>
    private void calculateTotal()
    {
        real discountPercent = 0; //TODO discount to be implemented
        this.DiscountPerItem = this.PricePerItem * (discountPercent / 100);
        this.PriceAfterDiscount = this.PricePerItem - this.DiscountPerItem;
        this.TotalPrice = this.PriceAfterDiscount * this.Quantity;
    }

]]></Source>
			</Method>
			<Method>
				<Name>insert</Name>
				<Source><![CDATA[
    /// <summary>
    ///
    /// </summary>
    public void insert()
    {
        RSFoodItem selectedFoodItem = RSFoodItem::find(this.FoodItem);
        real discountPercent = 0; //TODO discount to be implemented
        this.PricePerItem = selectedFoodItem.Price;
        this.DiscountPerItem = this.PricePerItem * (discountPercent / 100);
        this.PriceAfterDiscount = this.PricePerItem - this.DiscountPerItem;
        this.TotalPrice = this.PriceAfterDiscount * this.Quantity;
        super();
    }

]]></Source>
			</Method>
		</Methods>
	</SourceCode>
	<DeveloperDocumentation>@RSLabels:OrderLineDevDocs</DeveloperDocumentation>
	<Label>@RSLabels:OrderLine</Label>
	<SubscriberAccessLevel>
		<Read>Allow</Read>
	</SubscriberAccessLevel>
	<TitleField1>FoodItem</TitleField1>
	<TitleField2>TotalPrice</TitleField2>
	<ReplacementKey>CompositeIndex</ReplacementKey>
	<DeleteActions />
	<FieldGroups>
		<AxTableFieldGroup>
			<Name>AutoReport</Name>
			<Fields>
				<AxTableFieldGroupField>
					<DataField>FoodItem</DataField>
				</AxTableFieldGroupField>
				<AxTableFieldGroupField>
					<DataField>PricePerItem</DataField>
				</AxTableFieldGroupField>
				<AxTableFieldGroupField>
					<DataField>DiscountPercent</DataField>
				</AxTableFieldGroupField>
				<AxTableFieldGroupField>
					<DataField>PriceAfterDiscount</DataField>
				</AxTableFieldGroupField>
				<AxTableFieldGroupField>
					<DataField>Quantity</DataField>
				</AxTableFieldGroupField>
				<AxTableFieldGroupField>
					<DataField>TotalPrice</DataField>
				</AxTableFieldGroupField>
			</Fields>
		</AxTableFieldGroup>
		<AxTableFieldGroup>
			<Name>AutoLookup</Name>
			<Fields>
				<AxTableFieldGroupField>
					<DataField>OrderId</DataField>
				</AxTableFieldGroupField>
				<AxTableFieldGroupField>
					<DataField>FoodItem</DataField>
				</AxTableFieldGroupField>
				<AxTableFieldGroupField>
					<DataField>Quantity</DataField>
				</AxTableFieldGroupField>
				<AxTableFieldGroupField>
					<DataField>TotalPrice</DataField>
				</AxTableFieldGroupField>
			</Fields>
		</AxTableFieldGroup>
		<AxTableFieldGroup>
			<Name>AutoIdentification</Name>
			<AutoPopulate>Yes</AutoPopulate>
			<Fields>
				<AxTableFieldGroupField>
					<DataField>OrderId</DataField>
				</AxTableFieldGroupField>
				<AxTableFieldGroupField>
					<DataField>FoodItem</DataField>
				</AxTableFieldGroupField>
			</Fields>
		</AxTableFieldGroup>
		<AxTableFieldGroup>
			<Name>AutoSummary</Name>
			<Fields />
		</AxTableFieldGroup>
		<AxTableFieldGroup>
			<Name>AutoBrowse</Name>
			<Fields />
		</AxTableFieldGroup>
		<AxTableFieldGroup>
			<Name>Overview</Name>
			<Label>@RSLabels:OrderLineOverview</Label>
			<Fields>
				<AxTableFieldGroupField>
					<DataField>FoodItem</DataField>
				</AxTableFieldGroupField>
				<AxTableFieldGroupField>
					<DataField>PricePerItem</DataField>
				</AxTableFieldGroupField>
				<AxTableFieldGroupField>
					<DataField>DiscountPercent</DataField>
				</AxTableFieldGroupField>
				<AxTableFieldGroupField>
					<DataField>DiscountPerItem</DataField>
				</AxTableFieldGroupField>
				<AxTableFieldGroupField>
					<DataField>PriceAfterDiscount</DataField>
				</AxTableFieldGroupField>
				<AxTableFieldGroupField>
					<DataField>Quantity</DataField>
				</AxTableFieldGroupField>
				<AxTableFieldGroupField>
					<DataField>TotalPrice</DataField>
				</AxTableFieldGroupField>
			</Fields>
		</AxTableFieldGroup>
	</FieldGroups>
	<Fields>
		<AxTableField xmlns=""
			i:type="AxTableFieldInt64">
			<Name>OrderId</Name>
			<ExtendedDataType>RSOrderRefRecId</ExtendedDataType>
		</AxTableField>
		<AxTableField xmlns=""
			i:type="AxTableFieldInt">
			<Name>LineNumber</Name>
			<ExtendedDataType>LineNumber_IT</ExtendedDataType>
		</AxTableField>
		<AxTableField xmlns=""
			i:type="AxTableFieldInt64">
			<Name>FoodItem</Name>
			<ExtendedDataType>RSFoodItemRefRecId</ExtendedDataType>
		</AxTableField>
		<AxTableField xmlns=""
			i:type="AxTableFieldReal">
			<Name>PricePerItem</Name>
			<AllowEdit>No</AllowEdit>
			<AllowEditOnCreate>No</AllowEditOnCreate>
			<ExtendedDataType>Price</ExtendedDataType>
			<Label>@RSLabels:OrderLinePricePerItem</Label>
		</AxTableField>
		<AxTableField xmlns=""
			i:type="AxTableFieldReal">
			<Name>DiscountPercent</Name>
			<AllowEdit>No</AllowEdit>
			<AllowEditOnCreate>No</AllowEditOnCreate>
			<ExtendedDataType>RetailDiscountAmountValue</ExtendedDataType>
			<Label>@RSLabels:OrderLineDiscountPercent</Label>
		</AxTableField>
		<AxTableField xmlns=""
			i:type="AxTableFieldReal">
			<Name>DiscountPerItem</Name>
			<ExtendedDataType>Price</ExtendedDataType>
		</AxTableField>
		<AxTableField xmlns=""
			i:type="AxTableFieldReal">
			<Name>PriceAfterDiscount</Name>
			<AllowEdit>No</AllowEdit>
			<AllowEditOnCreate>No</AllowEditOnCreate>
			<ExtendedDataType>Price</ExtendedDataType>
			<Label>@RSLabels:OrderLinePriceAfterDiscount</Label>
		</AxTableField>
		<AxTableField xmlns=""
			i:type="AxTableFieldReal">
			<Name>Quantity</Name>
			<ExtendedDataType>MCRQuantity</ExtendedDataType>
			<Label>@RSLabels:OrderLineQuantity</Label>
		</AxTableField>
		<AxTableField xmlns=""
			i:type="AxTableFieldReal">
			<Name>TotalPrice</Name>
			<AllowEdit>No</AllowEdit>
			<AllowEditOnCreate>No</AllowEditOnCreate>
			<ExtendedDataType>Price</ExtendedDataType>
			<Label>@RSLabels:OrderLineTotalPrice</Label>
		</AxTableField>
	</Fields>
	<FullTextIndexes />
	<Indexes>
		<AxTableIndex>
			<Name>CompositeIndex</Name>
			<AlternateKey>Yes</AlternateKey>
			<Fields>
				<AxTableIndexField>
					<DataField>OrderId</DataField>
				</AxTableIndexField>
				<AxTableIndexField>
					<DataField>FoodItem</DataField>
				</AxTableIndexField>
			</Fields>
		</AxTableIndex>
	</Indexes>
	<Mappings />
	<Relations>
		<AxTableRelation xmlns=""
			i:type="AxTableRelationForeignKey">
			<Name>RSFoodItem</Name>
			<Cardinality>ZeroMore</Cardinality>
			<OnDelete>Restricted</OnDelete>
			<RelatedTable>RSFoodItem</RelatedTable>
			<RelatedTableCardinality>ExactlyOne</RelatedTableCardinality>
			<RelationshipType>Association</RelationshipType>
			<Constraints>
				<AxTableRelationConstraint xmlns=""
					i:type="AxTableRelationConstraintField">
					<Name>FoodItem</Name>
					<Field>FoodItem</Field>
					<RelatedField>RecId</RelatedField>
				</AxTableRelationConstraint>
			</Constraints>
			<Index>RecId</Index>
		</AxTableRelation>
		<AxTableRelation xmlns=""
			i:type="AxTableRelationForeignKey">
			<Name>RSOrder</Name>
			<Cardinality>OneMore</Cardinality>
			<OnDelete>Cascade</OnDelete>
			<RelatedTable>RSOrder</RelatedTable>
			<RelatedTableCardinality>ExactlyOne</RelatedTableCardinality>
			<RelationshipType>Composition</RelationshipType>
			<Constraints>
				<AxTableRelationConstraint xmlns=""
					i:type="AxTableRelationConstraintField">
					<Name>OrderId</Name>
					<Field>OrderId</Field>
					<RelatedField>RecId</RelatedField>
				</AxTableRelationConstraint>
			</Constraints>
			<Index>RecId</Index>
		</AxTableRelation>
	</Relations>
	<StateMachines />
</AxTable>