<?xml version="1.0" encoding="utf-8"?>
<AxTable xmlns:i="http://www.w3.org/2001/XMLSchema-instance">
	<Name>RSOrderLineStaging</Name>
	<SourceCode>
		<Methods />
	</SourceCode>
	<DeveloperDocumentation>@DMF:StagingDeveloperDocumentation</DeveloperDocumentation>
	<Label>@RSLabels:OrderLine</Label>
	<TableGroup>Staging</TableGroup>
	<TitleField1>RSOrderId</TitleField1>
	<TitleField2>TotalPrice</TitleField2>
	<PrimaryIndex>StagingIdx</PrimaryIndex>
	<ReplacementKey>StagingIdx</ReplacementKey>
	<SaveDataPerCompany>No</SaveDataPerCompany>
	<DeleteActions />
	<FieldGroups>
		<AxTableFieldGroup>
			<Name>AutoReport</Name>
			<IsSystemGenerated>Yes</IsSystemGenerated>
			<Fields />
		</AxTableFieldGroup>
		<AxTableFieldGroup>
			<Name>AutoLookup</Name>
			<IsSystemGenerated>Yes</IsSystemGenerated>
			<Fields />
		</AxTableFieldGroup>
		<AxTableFieldGroup>
			<Name>AutoIdentification</Name>
			<AutoPopulate>Yes</AutoPopulate>
			<IsSystemGenerated>Yes</IsSystemGenerated>
			<Fields />
		</AxTableFieldGroup>
		<AxTableFieldGroup>
			<Name>AutoSummary</Name>
			<IsSystemGenerated>Yes</IsSystemGenerated>
			<Fields />
		</AxTableFieldGroup>
		<AxTableFieldGroup>
			<Name>AutoBrowse</Name>
			<IsSystemGenerated>Yes</IsSystemGenerated>
			<Fields />
		</AxTableFieldGroup>
		<AxTableFieldGroup>
			<Name>ExtensionList</Name>
			<IsSystemGenerated>Yes</IsSystemGenerated>
			<Label>@DMF:StagingExtensionGroup</Label>
			<Fields>
				<AxTableFieldGroupField>
					<DataField>DefinitionGroup</DataField>
				</AxTableFieldGroupField>
				<AxTableFieldGroupField>
					<DataField>IsSelected</DataField>
				</AxTableFieldGroupField>
				<AxTableFieldGroupField>
					<DataField>TransferStatus</DataField>
				</AxTableFieldGroupField>
				<AxTableFieldGroupField>
					<DataField>ExecutionId</DataField>
				</AxTableFieldGroupField>
			</Fields>
		</AxTableFieldGroup>
	</FieldGroups>
	<Fields>
		<AxTableField xmlns=""
			i:type="AxTableFieldString">
			<Name>DefinitionGroup</Name>
			<AllowEdit>No</AllowEdit>
			<ExtendedDataType>DMFDefinitionGroupName</ExtendedDataType>
			<IsSystemGenerated>Yes</IsSystemGenerated>
			<Mandatory>Yes</Mandatory>
			<StringSize>60</StringSize>
		</AxTableField>
		<AxTableField xmlns=""
			i:type="AxTableFieldString">
			<Name>ExecutionId</Name>
			<AllowEdit>No</AllowEdit>
			<ExtendedDataType>DMFExecutionId</ExtendedDataType>
			<IsSystemGenerated>Yes</IsSystemGenerated>
			<Mandatory>Yes</Mandatory>
			<StringSize>90</StringSize>
		</AxTableField>
		<AxTableField xmlns=""
			i:type="AxTableFieldEnum">
			<Name>IsSelected</Name>
			<ExtendedDataType>DMFIsSelected</ExtendedDataType>
			<IsSystemGenerated>Yes</IsSystemGenerated>
			<EnumType>NoYes</EnumType>
		</AxTableField>
		<AxTableField xmlns=""
			i:type="AxTableFieldEnum">
			<Name>TransferStatus</Name>
			<IsSystemGenerated>Yes</IsSystemGenerated>
			<EnumType>DMFTransferStatus</EnumType>
		</AxTableField>
		<AxTableField xmlns=""
			i:type="AxTableFieldInt">
			<Name>LineNumber</Name>
			<AllowEdit>No</AllowEdit>
			<ExtendedDataType>LineNumber_IT</ExtendedDataType>
			<IsManuallyUpdated>Yes</IsManuallyUpdated>
			<IsSystemGenerated>Yes</IsSystemGenerated>
		</AxTableField>
		<AxTableField xmlns=""
			i:type="AxTableFieldReal">
			<Name>PricePerItem</Name>
			<AllowEdit>No</AllowEdit>
			<AllowEditOnCreate>No</AllowEditOnCreate>
			<ExtendedDataType>Price</ExtendedDataType>
			<IsSystemGenerated>Yes</IsSystemGenerated>
			<Label>@RSLabels:OrderLinePricePerItem</Label>
		</AxTableField>
		<AxTableField xmlns=""
			i:type="AxTableFieldReal">
			<Name>DiscountPercent</Name>
			<AllowEdit>No</AllowEdit>
			<AllowEditOnCreate>No</AllowEditOnCreate>
			<ExtendedDataType>RetailDiscountAmountValue</ExtendedDataType>
			<IsSystemGenerated>Yes</IsSystemGenerated>
			<Label>@RSLabels:OrderLineDiscountPercent</Label>
		</AxTableField>
		<AxTableField xmlns=""
			i:type="AxTableFieldReal">
			<Name>DiscountPerItem</Name>
			<ExtendedDataType>Price</ExtendedDataType>
			<IsSystemGenerated>Yes</IsSystemGenerated>
		</AxTableField>
		<AxTableField xmlns=""
			i:type="AxTableFieldReal">
			<Name>PriceAfterDiscount</Name>
			<AllowEdit>No</AllowEdit>
			<AllowEditOnCreate>No</AllowEditOnCreate>
			<ExtendedDataType>Price</ExtendedDataType>
			<IsSystemGenerated>Yes</IsSystemGenerated>
			<Label>@RSLabels:OrderLinePriceAfterDiscount</Label>
		</AxTableField>
		<AxTableField xmlns=""
			i:type="AxTableFieldReal">
			<Name>Quantity</Name>
			<ExtendedDataType>MCRQuantity</ExtendedDataType>
			<IsSystemGenerated>Yes</IsSystemGenerated>
			<Label>@RSLabels:OrderLineQuantity</Label>
		</AxTableField>
		<AxTableField xmlns=""
			i:type="AxTableFieldReal">
			<Name>TotalPrice</Name>
			<AllowEdit>No</AllowEdit>
			<AllowEditOnCreate>No</AllowEditOnCreate>
			<ExtendedDataType>Price</ExtendedDataType>
			<IsSystemGenerated>Yes</IsSystemGenerated>
			<Label>@RSLabels:OrderLineTotalPrice</Label>
		</AxTableField>
		<AxTableField xmlns=""
			i:type="AxTableFieldInt">
			<Name>FoodItemId</Name>
			<ExtendedDataType>RSFoodItemId</ExtendedDataType>
			<IsSystemGenerated>Yes</IsSystemGenerated>
		</AxTableField>
		<AxTableField xmlns=""
			i:type="AxTableFieldString">
			<Name>RSOrderId</Name>
			<AllowEdit>No</AllowEdit>
			<AllowEditOnCreate>No</AllowEditOnCreate>
			<ExtendedDataType>RSOrderId</ExtendedDataType>
			<IsSystemGenerated>Yes</IsSystemGenerated>
			<Mandatory>Yes</Mandatory>
		</AxTableField>
	</Fields>
	<FullTextIndexes />
	<Indexes>
		<AxTableIndex>
			<Name>StagingIdx</Name>
			<AlternateKey>Yes</AlternateKey>
			<IsSystemGenerated>Yes</IsSystemGenerated>
			<Fields>
				<AxTableIndexField>
					<DataField>DefinitionGroup</DataField>
				</AxTableIndexField>
				<AxTableIndexField>
					<DataField>ExecutionId</DataField>
				</AxTableIndexField>
				<AxTableIndexField>
					<DataField>RSOrderId</DataField>
				</AxTableIndexField>
				<AxTableIndexField>
					<DataField>LineNumber</DataField>
				</AxTableIndexField>
			</Fields>
		</AxTableIndex>
	</Indexes>
	<Mappings />
	<Relations>
		<AxTableRelation>
			<Name>RSFoodItem</Name>
			<Cardinality>ZeroMore</Cardinality>
			<IsSystemGenerated>Yes</IsSystemGenerated>
			<RelatedTable>RSFoodItem</RelatedTable>
			<RelatedTableCardinality>ExactlyOne</RelatedTableCardinality>
			<RelationshipType>Association</RelationshipType>
			<Constraints>
				<AxTableRelationConstraint xmlns=""
					i:type="AxTableRelationConstraintField">
					<Name>Id</Name>
					<Field>FoodItemId</Field>
					<RelatedField>Id</RelatedField>
				</AxTableRelationConstraint>
			</Constraints>
		</AxTableRelation>
		<AxTableRelation>
			<Name>RSOrder</Name>
			<Cardinality>OneMore</Cardinality>
			<IsSystemGenerated>Yes</IsSystemGenerated>
			<RelatedTable>RSOrder</RelatedTable>
			<RelatedTableCardinality>ExactlyOne</RelatedTableCardinality>
			<RelationshipType>Composition</RelationshipType>
			<Constraints>
				<AxTableRelationConstraint xmlns=""
					i:type="AxTableRelationConstraintField">
					<Name>Id</Name>
					<Field>RSOrderId</Field>
					<RelatedField>Id</RelatedField>
				</AxTableRelationConstraint>
			</Constraints>
		</AxTableRelation>
		<AxTableRelation xmlns=""
			i:type="AxTableRelationForeignKey">
			<Name>DataEntity</Name>
			<Cardinality>ExactlyOne</Cardinality>
			<EntityRelationshipRole>@DMF:StagingToDataEntityRelationshipRole</EntityRelationshipRole>
			<IsSystemGenerated>Yes</IsSystemGenerated>
			<RelatedTable>RSOrderLineEntity</RelatedTable>
			<RelatedTableCardinality>ZeroOne</RelatedTableCardinality>
			<RelationshipType>Link</RelationshipType>
			<Validate>No</Validate>
			<Constraints>
				<AxTableRelationConstraint xmlns=""
					i:type="AxTableRelationConstraintField">
					<Name>RSOrderId</Name>
					<Field>RSOrderId</Field>
					<RelatedField>RSOrderId</RelatedField>
				</AxTableRelationConstraint>
				<AxTableRelationConstraint xmlns=""
					i:type="AxTableRelationConstraintField">
					<Name>LineNumber</Name>
					<Field>LineNumber</Field>
					<RelatedField>LineNumber</RelatedField>
				</AxTableRelationConstraint>
			</Constraints>
		</AxTableRelation>
	</Relations>
	<StateMachines />
</AxTable>